segment,base_case_spend,median_spend,low_spend,high_spend,funded_in_share_of_runs
Champions,4295.1991579539945,6480.835416033169,1803.8145713371778,14553.329246016738,1.0
Loyal,1624.7205447202984,2608.9208942806213,556.15993272693,9192.549105572853,1.0
Potential loyalists,8.6869791416,30.79279461894076,0.0,1255.1693184258859,0.325
New,0.0,0.0,0.0,64.3340918718649,0.032
Promising,0.0,0.0,0.0,1.298248899489293,0.014
Need attention,0.0,0.0,0.0,119.43806081475493,0.0625
About to sleep,0.0,0.0,0.0,0.0,0.0
At risk,41.49830145724785,66.234876005558,28.397436712914377,579.2360013213971,0.301
Can't lose them,344.4025769317762,465.6763378888036,78.28446245459588,1223.5469721504514,0.925
Hibernating,0.0,0.0,0.0,0.0,0.0
Lost,0.0,0.0,0.0,0.0,0.0
