segment,customers,targeted,spend,incremental_revenue,planning_value,value_at_risk,mean_p_alive,mean_p_alive_targeted,incremental_profit,roi,share_of_budget,spend_per_targeted
Champions,868,249,4295.1991579539945,41851.64007236584,1317419.7555584318,14358.538712271882,0.982460852519729,0.9882630182414602,10352.874867374048,2.4103363980695156,0.6802112622404727,17.249795815076283
Loyal,1270,117,1624.7205447202984,9602.220179797427,689941.2913667973,53891.14924075292,0.9379577513201843,0.8814893323132614,1736.0565182088005,1.0685262298493732,0.25729964359525975,13.886500382224773
Potential loyalists,677,2,8.6869791416,27.13439298677984,177520.90136156432,9766.246661215138,0.9494297149379043,0.9620032399370917,0.8100584037729437,0.09324972358846301,0.0013757175929833064,4.3434895708
New,25,0,0.0,0.0,8608.636411318936,483.2645709001462,0.9465779404726414,,0.0,,0.0,
Promising,70,0,0.0,0.0,16361.285201514314,1218.5134172966646,0.9298984649875188,,0.0,,0.0,
Need attention,500,0,0.0,0.0,78456.35132358674,8718.381240872375,0.907049940185722,,0.0,,0.0,
About to sleep,93,0,0.0,0.0,13267.205329095996,1402.2981040135649,0.9020961651816967,,0.0,,0.0,
At risk,859,3,41.49830145724785,284.28466224471026,92304.67196116573,48144.17008315969,0.6663432701175617,0.549505905706027,58.00133032840074,1.3976796228191304,0.006571898293190285,13.832767152415949
Can't lose them,103,23,344.4025769317762,1823.0165184893367,20008.827105304907,33689.774087120095,0.3585634775627372,0.22273371524551186,293.6532045394916,0.8526452013094614,0.0545414782780939,14.97402508399027
Hibernating,550,0,0.0,0.0,38971.76071767837,7644.873119315756,0.8389052710434871,,0.0,,0.0,
Lost,824,0,0.0,0.0,33360.16299493197,10108.911078600077,0.7741895586857469,,0.0,,0.0,
