budget,spend,incremental_revenue,incremental_profit,roi,marginal_return
0.0,0.0,0.0,0.0,,
631.4507560204918,631.4507560204918,23580.200955929093,7621.619578554691,12.070014179074567,12.070014179074567
1262.9015120409836,1262.9015120409836,30895.991983345648,9550.695682129992,7.562502373360096,3.054990567645625
1894.3522680614753,1894.352268061475,35672.040473630244,10590.86189770911,5.590756310887696,1.6472641859428918
2525.803024081967,2525.803024081967,39384.06337917635,11258.619158629754,4.457441475556801,1.057496969564121
3157.253780102459,3157.2537801024587,42471.50727926314,11707.77376763964,3.708214347995713,0.7113058377513601
3788.7045361229507,3788.7045361229507,45149.77267468484,12013.715900016743,3.17092974273222,0.4845067164147562
4420.155292143442,4420.155292143442,47544.31237640002,12220.354039596565,2.764688847316632,0.3272434748231039
5000.0,4999.999999999999,49548.66306241268,12342.032071844435,2.4684064143688875,0.20984589597732572
5051.606048163934,5051.606048163934,49719.40326491624,12350.185094556748,2.444803687541226,0.1579857982229836
5683.056804184426,5683.056804184425,51722.796854271124,12419.922094810468,2.1854298703588007,0.1104393328993938
6314.507560204918,6314.507560204918,53588.295825884095,12441.395978854514,1.9702876052065041,0.03400721883584064
6945.958316225409,6945.958316225408,55337.523338016035,12422.174852080203,1.7884033111835165,-0.030439629046366525
7577.409072245901,7577.4090722459005,56986.986080805415,12368.036056035995,1.6322249383812375,-0.08573716244382969
8208.859828266393,8208.859828266393,58549.778286969675,12283.56257217299,1.4963786480889543,-0.13377683541844276
8840.310584286884,8840.310584286884,60036.66963573263,12172.523788219534,1.3769339518291877,-0.17584709954777963
9471.761340307377,9471.761340307377,61456.0537665747,12037.857477993766,1.27092069209623,-0.2132649441651751
10000.0,10000.0,62596.44288580952,11908.755010033332,1.1908755010033332,-0.24440177861188328
10103.212096327868,10103.212096327865,62814.589964176834,11881.894391134025,1.1760511684647939,-0.2602468107418473
10734.66285234836,10734.66285234836,64118.187549818555,11706.702790088133,1.090551510663153,-0.2774430141630959
11366.113608368853,11366.113608368853,65372.05032732221,11514.104006193922,1.013020316611661,-0.3050099822637008
11997.564364389344,11997.56436438934,66580.82940862709,11305.72592863014,0.9423350927949438,-0.329998935905972
12629.015120409837,12629.015120409837,67748.007958391,11082.787665027012,0.8775654759582989,-0.35305724393794424
15000.0,15000.0,71809.47196572403,10133.31518800341,0.675554345866894,-0.40045488488636993
20000.0,20000.0,79123.75405254927,7693.313918392243,0.38466569591961214,-0.48800025392223323
25000.0,24999.999999999996,85268.74762451694,4844.061668580929,0.1937624667432372,-0.5698504499622632
30000.0,30000.0,90594.06486197005,1707.9227016895165,0.05693075672298389,-0.627227793378282
35000.0,34999.999999999985,95306.6948004439,-1642.6568198446184,-0.04693305199556055,-0.670115904306829
40000.0,39999.99999999999,99539.65193238224,-5161.12182366621,-0.12902804559165526,-0.7036930007643173
45000.0,44999.99999999999,103383.70374936452,-8815.703687722416,-0.19590452639383152,-0.7309163728112413
50000.0,50000.0,106906.0512607082,-12582.882058752133,-0.2516576411750427,-0.7534356742059423
