month,revenue,active_customers,new_customers,revenue_new,revenue_returning,revenue_existing_base,invoices,avg_order_value
2009-12,671416.21,951,0,0.0,0.0,671416.21,1490,450.6149060402684
2010-01,529607.45,697,366,156681.98,0.0,372925.47,951,556.8953207150367
2010-02,488850.2,768,374,165181.06,37994.76,285674.38,1081,452.2203515263645
2010-03,658498.55,1047,441,206869.0,80333.54,371296.01,1497,439.8787909151637
2010-04,578371.72,937,294,121284.91,156962.92,300123.89,1308,442.18021406727826
2010-05,574962.16,962,253,108547.5,178715.34,287699.32,1354,424.63970457902514
2010-06,609558.31,1033,267,123257.51,189167.19,297133.61,1473,413.82098438560763
2010-07,569019.07,922,186,70792.86,191142.81,307083.4,1349,421.8080578206078
2010-08,575301.59,907,162,59830.73,201095.28,314375.58,1269,453.3503467297084
2010-09,790554.5,1129,235,155037.11000000002,270077.18,365440.21,1644,480.87256690997566
2010-10,984295.85,1486,369,164874.16,373041.39,446380.3,2088,471.4060584291188
2010-11,1141218.34,1602,328,153873.0,427901.87,559443.47,2553,447.0107089698394
2010-12,556632.93,883,77,26636.22,193899.1,336097.61,1386,401.6110606060606
2011-01,457502.65,737,73,30559.66,203007.89,223935.1,975,469.2334871794872
2011-02,439447.15,756,126,42914.03,184085.48,212447.64,988,444.78456477732794
2011-03,575947.05,970,178,74106.19,255868.99,245971.87,1303,442.0161550268611
2011-04,448641.83,849,106,39575.23,253236.06,155830.54,1130,397.0281681415929
2011-05,652058.77,1051,113,48147.06,332486.24,271425.47,1528,426.7400327225131
2011-06,644475.12,986,108,81863.13,287921.71,274690.28,1376,468.3685465116279
2011-07,586116.27,945,101,42293.06,294145.83,249677.38,1314,446.055
2011-08,626637.72,933,108,44277.52,320693.55,261666.65,1264,495.7576898734177
2011-09,928092.06,1254,185,91624.83,465736.18,370731.05,1729,536.7796761133603
2011-10,969209.51,1356,221,95965.22,486875.96,386368.33,1885,514.1695013262599
2011-11,1123674.89,1657,190,79469.59,610844.55,433360.75,2631,427.0904180919802
2011-12,342870.76,610,27,23207.4,157935.23,161728.13,771,444.7091569390402
