day,not_returned,at_risk,returned,group
0,1.0,,0.0,All new customers
1,0.9950900163666121,4888.0,0.004909983633387904,All new customers
2,0.9912021466748651,4863.0,0.008797853325134941,All new customers
3,0.9875166191722525,4841.0,0.01248338082774747,All new customers
4,0.9832150533140038,4821.0,0.01678494668599617,All new customers
5,0.9793174764283443,4793.0,0.020682523571655675,All new customers
6,0.9745954005461951,4770.0,0.02540459945380491,All new customers
7,0.9665850273910209,4745.0,0.03341497260897908,All new customers
8,0.9616555669878368,4706.0,0.03834443301216317,All new customers
9,0.9571320642138936,4677.0,0.04286793578610637,All new customers
10,0.9511654197895164,4652.0,0.04883458021048359,All new customers
11,0.9456078637768964,4621.0,0.05439213622310357,All new customers
12,0.9400406129434956,4586.0,0.05995938705650439,All new customers
13,0.9348766895588356,4551.0,0.06512331044116437,All new customers
14,0.9245442769863462,4524.0,0.07545572301365377,All new customers
15,0.9195847189515514,4474.0,0.08041528104844864,All new customers
16,0.9131728596876066,4446.0,0.08682714031239336,All new customers
17,0.9057166966237024,4409.0,0.09428330337629764,All new customers
18,0.8995018062077118,4372.0,0.10049819379228819,All new customers
19,0.8945207163717669,4334.0,0.10547928362823311,All new customers
20,0.8891145009776092,4302.0,0.11088549902239075,All new customers
21,0.8768293123224151,4270.0,0.12317068767758488,All new customers
22,0.8714155003726686,4211.0,0.12858449962733143,All new customers
23,0.8668291030022861,4180.0,0.1331708969977139,All new customers
24,0.8628623994962544,4152.0,0.13713760050374557,All new customers
25,0.857848187005235,4130.0,0.14215181299476498,All new customers
26,0.8530346938846884,4099.0,0.14696530611531156,All new customers
27,0.8482117347009747,4068.0,0.15178826529902534,All new customers
28,0.8375067610633232,4041.0,0.16249323893667678,All new customers
29,0.8318394220786842,3990.0,0.16816057792131578,All new customers
30,0.828475056367547,3956.0,0.17152494363245296,All new customers
31,0.8211024077601572,3933.0,0.1788975922398428,All new customers
32,0.8162488083310944,3891.0,0.18375119166890563,All new customers
33,0.8113901844719807,3864.0,0.18860981552801925,All new customers
34,0.8054722565831515,3839.0,0.19452774341684853,All new customers
35,0.7934092196348489,3806.0,0.2065907803651511,All new customers
36,0.7898114717730744,3749.0,0.21018852822692558,All new customers
37,0.7857872245315383,3729.0,0.21421277546846174,All new customers
38,0.7806971048584594,3705.0,0.21930289514154055,All new customers
39,0.7768691157853317,3671.0,0.2231308842146683,All new customers
40,0.7715451772177239,3648.0,0.22845482278227613,All new customers
41,0.7645098108601154,3619.0,0.23549018913988462,All new customers
42,0.7561883253386126,3583.0,0.24381167466138742,All new customers
43,0.7506406683242774,3544.0,0.24935933167572255,All new customers
44,0.7450882764675402,3515.0,0.25491172353245983,All new customers
45,0.7412387962791316,3484.0,0.2587612037208684,All new customers
46,0.7380253332894822,3460.0,0.26197466671051783,All new customers
47,0.7348062637927266,3439.0,0.2651937362072734,All new customers
48,0.7283587095623137,3419.0,0.27164129043768626,All new customers
49,0.7204020304203576,3387.0,0.27959796957964245,All new customers
50,0.7145958051005517,3350.0,0.28540419489944835,All new customers
51,0.7087843331916014,3320.0,0.2912156668083986,All new customers
52,0.7049029465175981,3287.0,0.2950970534824019,All new customers
53,0.7023090074319768,3261.0,0.2976909925680232,All new customers
54,0.6990625867504731,3245.0,0.30093741324952694,All new customers
55,0.6964598095115634,3223.0,0.3035401904884366,All new customers
56,0.6908187020201925,3210.0,0.30918129797980753,All new customers
57,0.6866963542380368,3184.0,0.31330364576196323,All new customers
58,0.683221609877566,3162.0,0.31677839012243403,All new customers
59,0.6793050528782678,3140.0,0.3206949471217322,All new customers
60,0.6773442621547577,3118.0,0.32265573784524226,All new customers
61,0.673633384792002,3103.0,0.32636661520799803,All new customers
62,0.6692562997706114,3078.0,0.3307437002293886,All new customers
63,0.6631143212738637,3051.0,0.3368856787261363,All new customers
64,0.6604820447752576,3023.0,0.3395179552247424,All new customers
65,0.657623766951663,3004.0,0.342376233048337,All new customers
66,0.6554184558619526,2982.0,0.3445815441380474,All new customers
67,0.6525447830369255,2965.0,0.34745521696307446,All new customers
68,0.6485563938706557,2945.0,0.35144360612934433,All new customers
69,0.6454511306989084,2924.0,0.35454886930109164,All new customers
70,0.6396822309401694,2909.0,0.3603177690598306,All new customers
71,0.6356883772610424,2883.0,0.36431162273895756,All new customers
72,0.6319084883441353,2859.0,0.36809151165586473,All new customers
73,0.6287879525992259,2835.0,0.37121204740077407,All new customers
74,0.6261094096701557,2817.0,0.3738905903298443,All new customers
75,0.6243230775455618,2804.0,0.3756769224544382,All new customers
76,0.6227583580529664,2793.0,0.3772416419470336,All new customers
77,0.6189487531278494,2779.0,0.38105124687215064,All new customers
78,0.6140186761659331,2762.0,0.3859813238340669,All new customers
79,0.6117728141463065,2734.0,0.38822718585369353,All new customers
80,0.6090728237933253,2719.0,0.3909271762066747,All new customers
81,0.6074937461020092,2700.0,0.39250625389799076,All new customers
82,0.6045589937053811,2691.0,0.39544100629461887,All new customers
83,0.6007140618337046,2673.0,0.39928593816629543,All new customers
84,0.5957363935247247,2655.0,0.40426360647527526,All new customers
85,0.5918900134677857,2633.0,0.4081099865322143,All new customers
86,0.5887187696145331,2613.0,0.41128123038546693,All new customers
87,0.5864501038356716,2595.0,0.41354989616432836,All new customers
88,0.5830431512572305,2582.0,0.4169568487427695,All new customers
89,0.5816787757082666,2564.0,0.41832122429173335,All new customers
90,0.5800863817192334,2557.0,0.41991361828076657,All new customers
91,0.5741624830842373,2546.0,0.42583751691576266,All new customers
92,0.5721119027875079,2520.0,0.4278880972124921,All new customers
93,0.5689221112148177,2511.0,0.4310778887851823,All new customers
94,0.5677819867434454,2495.0,0.4322180132565546,All new customers
95,0.5655008216701491,2489.0,0.43449917832985085,All new customers
96,0.5627623189017706,2478.0,0.43723768109822936,All new customers
97,0.5600215933227035,2464.0,0.4399784066772965,All new customers
98,0.5565928896901156,2450.0,0.44340711030988444,All new customers
99,0.5549928279949078,2435.0,0.4450071720050922,All new customers
100,0.553849455872957,2427.0,0.446150544127043,All new customers
101,0.5517896851692973,2420.0,0.4482103148307027,All new customers
102,0.5499587778771552,2411.0,0.4500412221228448,All new customers
103,0.5474391833096214,2401.0,0.4525608166903786,All new customers
104,0.5451486427936816,2390.0,0.4548513572063184,All new customers
105,0.5428581022777418,2380.0,0.4571418977222582,All new customers
106,0.540109453658614,2370.0,0.45989054634138604,All new customers
107,0.5382770212458621,2358.0,0.4617229787541379,All new customers
108,0.536438329456807,2342.0,0.46356167054319297,All new customers
109,0.5355185895006016,2333.0,0.4644814104993984,All new customers
110,0.5341383869503423,2328.0,0.4658616130496577,All new customers
111,0.532758184400083,2322.0,0.46724181559991695,All new customers
112,0.5304558586248017,2314.0,0.4695441413751983,All new customers
113,0.5286139980045768,2304.0,0.47138600199542324,All new customers
114,0.5267681176099732,2291.0,0.4732318823900268,All new customers
115,0.52468694418658,2278.0,0.47531305581342,All new customers
116,0.5219108227887674,2268.0,0.47808917721123256,All new customers
117,0.5205221465418793,2255.0,0.47947785345812066,All new customers
118,0.5193633706145822,2246.0,0.48063662938541785,All new customers
119,0.5158870428326907,2241.0,0.4841129571673093,All new customers
120,0.5117154494944209,2226.0,0.48828455050557906,All new customers
121,0.5093968475483656,2207.0,0.49060315245163444,All new customers
122,0.5084689844380771,2196.0,0.4915310155619229,All new customers
123,0.5066132582175001,2192.0,0.49338674178249986,All new customers
124,0.505452898029187,2183.0,0.494547101970813,All new customers
125,0.5022023970772308,2177.0,0.4977976029227692,All new customers
126,0.4989503926558241,2162.0,0.5010496073441759,All new customers
127,0.49593067426451787,2148.0,0.5040693257354821,All new customers
128,0.49430391010338776,2134.0,0.5056960898966123,All new customers
129,0.49337301761731733,2124.0,0.5066269823826827,All new customers
130,0.4910446881335169,2119.0,0.5089553118664831,All new customers
131,0.4891775980645682,2104.0,0.5108224019354318,All new customers
132,0.48800955222391734,2094.0,0.5119904477760826,All new customers
133,0.485438620674845,2088.0,0.514561379325155,All new customers
134,0.4838025733254353,2077.0,0.5161974266745647,All new customers
135,0.48192918485176467,2066.0,0.5180708151482354,All new customers
136,0.48099066647814875,2054.0,0.5190093335218513,All new customers
137,0.47981751851112886,2050.0,0.5201824814888711,All new customers
138,0.478644370544109,2045.0,0.521355629455891,All new customers
139,0.47700035160700954,2038.0,0.5229996483929904,All new customers
140,0.4737090726900563,2029.0,0.5262909273099436,All new customers
141,0.4722985245827906,2015.0,0.5277014754172094,All new customers
142,0.4701827024218921,2009.0,0.5298172975781079,All new customers
143,0.46877144868775933,1999.0,0.5312285513122407,All new customers
144,0.468065467590338,1992.0,0.531934532409662,All new customers
145,0.46665279515294267,1988.0,0.5333472048470573,All new customers
146,0.46476923190308217,1982.0,0.5352307680969178,All new customers
147,0.4626491492436155,1973.0,0.5373508507563844,All new customers
148,0.4605290665841488,1964.0,0.5394709334158512,All new customers
149,0.45958584268945524,1953.0,0.5404141573105448,All new customers
150,0.45864213459358366,1948.0,0.5413578654064164,All new customers
151,0.45651660461863913,1942.0,0.5434833953813609,All new customers
152,0.4550995846353428,1933.0,0.5449004153646573,All new customers
153,0.45391812153919703,1926.0,0.546081878460803,All new customers
154,0.45202679603278373,1920.0,0.5479732039672163,All new customers
155,0.4503718862146721,1912.0,0.5496281137853278,All new customers
156,0.4494257267898514,1904.0,0.5505742732101486,All new customers
157,0.4487157335405783,1899.0,0.5512842664594217,All new customers
158,0.4472957470420322,1896.0,0.5527042529579678,All new customers
159,0.44705895734005124,1889.0,0.5529410426599488,All new customers
160,0.4456382191281655,1888.0,0.5543617808718345,All new customers
161,0.4432665415383402,1879.0,0.5567334584616598,All new customers
162,0.4420807027434276,1869.0,0.5579192972565724,All new customers
163,0.4401823422378197,1863.0,0.5598176577621803,All new customers
164,0.43923213750552004,1853.0,0.56076786249448,All new customers
165,0.436855340224646,1848.0,0.563144659775354,All new customers
166,0.43542848554780994,1837.0,0.5645715144521901,All new customers
167,0.4342394399837799,1831.0,0.5657605600162201,All new customers
168,0.4323348810364826,1824.0,0.5676651189635173,All new customers
169,0.4316206714312461,1816.0,0.568379328568754,All new customers
170,0.4306683919575975,1813.0,0.5693316080424025,All new customers
171,0.4297155857807002,1808.0,0.5702844142192998,All new customers
172,0.4287611924752461,1801.0,0.5712388075247539,All new customers
173,0.4280445999530033,1795.0,0.5719554000469966,All new customers
174,0.426849612236775,1791.0,0.573150387763225,All new customers
175,0.42589147618237144,1782.0,0.5741085238176286,All new customers
176,0.42421473808716526,1778.0,0.5757852619128347,All new customers
177,0.4234961360463626,1771.0,0.5765038639536374,All new customers
178,0.4220564891249585,1765.0,0.5779435108750415,All new customers
179,0.4198933294426552,1756.0,0.5801066705573448,All new customers
180,0.4198933294426552,1756.0,0.5801066705573448,All new customers
181,0.41869019669353585,1745.0,0.5813098033064641,All new customers
182,0.41772769049424036,1740.0,0.5822723095057596,All new customers
183,0.4174870639444165,1736.0,0.5825129360555835,All new customers
184,0.41579976056819773,1732.0,0.5842002394318022,All new customers
185,0.4153173942566337,1724.0,0.5846826057433663,All new customers
186,0.41386861264876174,1720.0,0.5861313873512383,All new customers
187,0.4129010647524467,1711.0,0.5870989352475533,All new customers
188,0.41217455261505237,1705.0,0.5878254473849476,All new customers
189,0.41047736328075507,1700.0,0.589522636719245,All new customers
190,0.4087801739464578,1693.0,0.5912198260535422,All new customers
191,0.40732371251909516,1684.0,0.5926762874809048,All new customers
192,0.4058655130709361,1676.0,0.5941344869290639,All new customers
193,0.40537915535605185,1669.0,0.5946208446439482,All new customers
194,0.40464918088662316,1666.0,0.5953508191133768,All new customers
195,0.4036758815940516,1663.0,0.5963241184059485,All new customers
196,0.402214170495944,1657.0,0.597785829504056,All new customers
197,0.4009960779141876,1651.0,0.5990039220858123,All new customers
198,0.39977724485061866,1645.0,0.6002227551493813,All new customers
199,0.39977724485061866,1645.0,0.6002227551493813,All new customers
200,0.3985569235903909,1638.0,0.601443076409609,All new customers
201,0.3980687950862998,1633.0,0.6019312049137002,All new customers
202,0.39782443118508043,1629.0,0.6021755688149195,All new customers
203,0.39586591090847695,1625.0,0.604134089091523,All new customers
204,0.39439702070102434,1617.0,0.6056029792989757,All new customers
205,0.3936616626761001,1609.0,0.6063383373239,All new customers
206,0.39292584648418216,1605.0,0.6070741535158178,All new customers
207,0.39218864977408047,1599.0,0.6078113502259195,All new customers
208,0.3914514530639788,1596.0,0.6085485469360212,All new customers
209,0.39071379329061706,1592.0,0.6092862067093829,All new customers
210,0.38923568310162354,1586.0,0.6107643168983765,All new customers
211,0.38751122121446446,1580.0,0.6124887787855355,All new customers
212,0.3870185178181333,1573.0,0.6129814821818667,All new customers
213,0.38603122568084214,1568.0,0.6139687743191579,All new customers
214,0.38504266940509096,1562.0,0.614957330594909,All new customers
215,0.3847950535405218,1555.0,0.6152049464594782,All new customers
216,0.3835561769998247,1553.0,0.6164438230001753,All new customers
217,0.3820695251509882,1548.0,0.6179304748490118,All new customers
218,0.3818217498428488,1542.0,0.6181782501571512,All new customers
219,0.38107648943326616,1537.0,0.6189235105667339,All new customers
220,0.38032928063045585,1530.0,0.6196707193695441,All new customers
221,0.3795806009441754,1524.0,0.6204193990558247,All new customers
222,0.3793305478473742,1518.0,0.6206694521526258,All new customers
223,0.37758017616976597,1517.0,0.6224198238302341,All new customers
224,0.3755797513953566,1510.0,0.6244202486046434,All new customers
225,0.3748295921049531,1502.0,0.6251704078950469,All new customers
226,0.3740794328145496,1499.0,0.6259205671854504,All new customers
227,0.3740794328145496,1499.0,0.6259205671854504,All new customers
228,0.3728258154123561,1492.0,0.627174184587644,All new customers
229,0.37157135439145317,1486.0,0.6284286456085468,All new customers
230,0.371069569983092,1481.0,0.6289304300169081,All new customers
231,0.369815108962189,1479.0,0.630184891037811,All new customers
232,0.368560647941286,1474.0,0.631439352058714,All new customers
233,0.3678079713287442,1469.0,0.6321920286712558,All new customers
234,0.3673048140492247,1462.0,0.6326951859507752,All new customers
235,0.3662971190861267,1458.0,0.6337028809138733,All new customers
236,0.36579292484099785,1453.0,0.6342070751590021,All new customers
237,0.3655406538583489,1450.0,0.6344593461416511,All new customers
238,0.3647827948662445,1447.0,0.6352172051337555,All new customers
239,0.36453017520220965,1444.0,0.6354698247977904,All new customers
240,0.36453017520220965,1444.0,0.6354698247977904,All new customers
241,0.3640235314562719,1439.0,0.6359764685437281,All new customers
242,0.36300883171702103,1435.0,0.636991168282979,All new customers
243,0.36224674179739114,1429.0,0.6377532582026089,All new customers
244,0.36173832531767547,1425.0,0.6382616746823245,All new customers
245,0.36097355084554505,1419.0,0.639026449154455,All new customers
246,0.36046370119745813,1416.0,0.6395362988025419,All new customers
247,0.35995349072159477,1413.0,0.6400465092784052,All new customers
248,0.3594429183943301,1410.0,0.6405570816056698,All new customers
249,0.3586754246183992,1405.0,0.6413245753816008,All new customers
250,0.3584194107535752,1401.0,0.6415805892464248,All new customers
251,0.35764916846685546,1396.0,0.6423508315331445,All new customers
252,0.3571356736090423,1393.0,0.6428643263909577,All new customers
253,0.35662217875122915,1391.0,0.6433778212487709,All new customers
254,0.35662217875122915,1391.0,0.6433778212487709,All new customers
255,0.35662217875122915,1391.0,0.6433778212487709,All new customers
256,0.3555892397830866,1381.0,0.6444107602169133,All new customers
257,0.354556300814944,1377.0,0.6454436991850561,All new customers
258,0.3532632435544956,1371.0,0.6467367564455044,All new customers
259,0.3527456417324378,1365.0,0.6472543582675623,All new customers
260,0.35248684082140885,1363.0,0.6475131591785912,All new customers
261,0.3522278497554122,1361.0,0.6477721502445878,All new customers
262,0.35170757228162286,1354.0,0.6482924277183771,All new customers
263,0.35066315484351857,1347.0,0.6493368451564814,All new customers
264,0.35066315484351857,1347.0,0.6493368451564814,All new customers
265,0.3501389946718541,1338.0,0.649861005328146,All new customers
266,0.3488256451044428,1333.0,0.6511743548955572,All new customers
267,0.3483003052774783,1328.0,0.6516996947225218,All new customers
268,0.34803604100943775,1318.0,0.6519639589905623,All new customers
269,0.3475059023331096,1313.0,0.6524940976668905,All new customers
270,0.3472402250377479,1308.0,0.6527597749622521,All new customers
271,0.3464413594893481,1304.0,0.6535586405106519,All new customers
272,0.34564187942898805,1300.0,0.654358120571012,All new customers
273,0.3445750835048245,1296.0,0.6554249164951755,All new customers
274,0.343508287580661,1292.0,0.656491712419339,All new customers
275,0.343508287580661,1292.0,0.656491712419339,All new customers
276,0.3429723932162606,1282.0,0.6570276067837394,All new customers
277,0.3424356602065325,1278.0,0.6575643397934675,All new customers
278,0.3421668724041726,1274.0,0.6578331275958273,All new customers
279,0.34108748163949065,1268.0,0.6589125183605093,All new customers
280,0.3405477862571497,1264.0,0.6594522137428502,All new customers
281,0.34000809087480877,1262.0,0.6599919091251912,All new customers
282,0.34000809087480877,1262.0,0.6599919091251912,All new customers
283,0.34000809087480877,1262.0,0.6599919091251912,All new customers
284,0.3394666767173648,1256.0,0.6605333232826351,All new customers
285,0.3389248304656212,1253.0,0.6610751695343788,All new customers
286,0.3381094539689116,1247.0,0.6618905460310884,All new customers
287,0.3367493998499699,1243.0,0.6632506001500301,All new customers
288,0.3367493998499699,1243.0,0.6632506001500301,All new customers
289,0.33620449790846507,1236.0,0.6637955020915349,All new customers
290,0.33483892318097336,1231.0,0.6651610768190266,All new customers
291,0.33483892318097336,1231.0,0.6651610768190266,All new customers
292,0.33456491424220003,1222.0,0.6654350857578,All new customers
293,0.33456491424220003,1222.0,0.6654350857578,All new customers
294,0.3340155465669255,1218.0,0.6659844534330746,All new customers
295,0.3329168112163764,1216.0,0.6670831887836236,All new customers
296,0.33181625977433876,1210.0,0.6681837402256612,All new customers
297,0.3312650699740492,1204.0,0.6687349300259509,All new customers
298,0.33098878551201916,1199.0,0.6690112144879808,All new customers
299,0.33098878551201916,1199.0,0.6690112144879808,All new customers
300,0.3304339007081432,1193.0,0.6695660992918568,All new customers
301,0.33015622516132964,1190.0,0.6698437748386703,All new customers
302,0.32987854961451607,1189.0,0.670121450385484,All new customers
303,0.32987854961451607,1189.0,0.670121450385484,All new customers
304,0.32960017109163464,1185.0,0.6703998289083654,All new customers
305,0.32932132153910365,1182.0,0.6706786784608963,All new customers
306,0.32820308275628834,1178.0,0.6717969172437117,All new customers
307,0.32792352306058453,1174.0,0.6720764769394154,All new customers
308,0.32736392660484975,1172.0,0.6726360733951502,All new customers
309,0.32708412837698236,1170.0,0.6729158716230177,All new customers
310,0.32680361025659044,1166.0,0.6731963897434096,All new customers
311,0.32652285114124974,1164.0,0.6734771488587503,All new customers
312,0.32652285114124974,1164.0,0.6734771488587503,All new customers
313,0.32652285114124974,1164.0,0.6734771488587503,All new customers
314,0.32652285114124974,1164.0,0.6734771488587503,All new customers
315,0.32652285114124974,1164.0,0.6734771488587503,All new customers
316,0.32652285114124974,1164.0,0.6734771488587503,All new customers
317,0.3259544910870439,1149.0,0.6740455089129561,All new customers
318,0.3253851382641844,1145.0,0.6746148617358156,All new customers
319,0.32453036119343787,1142.0,0.6754696388065622,All new customers
320,0.32453036119343787,1142.0,0.6754696388065622,All new customers
321,0.3242441792170768,1134.0,0.6757558207829232,All new customers
322,0.3230994513116326,1133.0,0.6769005486883675,All new customers
323,0.3230994513116326,1133.0,0.6769005486883675,All new customers
324,0.3216685414298273,1129.0,0.6783314585701727,All new customers
325,0.32109617747710517,1124.0,0.6789038225228948,All new customers
326,0.32080974020906133,1121.0,0.6791902597909387,All new customers
327,0.32080974020906133,1121.0,0.6791902597909387,All new customers
328,0.3205225336377014,1117.0,0.6794774663622987,All new customers
329,0.31966091392362156,1116.0,0.6803390860763785,All new customers
330,0.31908650078090167,1113.0,0.6809134992190984,All new customers
331,0.31879903546488286,1110.0,0.6812009645351171,All new customers
332,0.31851105078966613,1107.0,0.6814889492103339,All new customers
333,0.3182222828379076,1103.0,0.6817777171620925,All new customers
334,0.31793298985350954,1100.0,0.6820670101464905,All new customers
335,0.31793298985350954,1100.0,0.6820670101464905,All new customers
336,0.31793298985350954,1100.0,0.6820670101464905,All new customers
337,0.31793298985350954,1100.0,0.6820670101464905,All new customers
338,0.3176421088014935,1093.0,0.6823578911985064,All new customers
339,0.3173512277494775,1092.0,0.6826487722505226,All new customers
340,0.3161866360880115,1090.0,0.6838133639119885,All new customers
341,0.315313192341912,1086.0,0.684686807658088,All new customers
342,0.314730896511179,1083.0,0.685269103488821,All new customers
343,0.31414860068044603,1081.0,0.685851399319554,All new customers
344,0.31414860068044603,1081.0,0.685851399319554,All new customers
345,0.31385745276507954,1079.0,0.6861425472349205,All new customers
346,0.31356630484971304,1078.0,0.686433695150287,All new customers
347,0.31327515693434654,1077.0,0.6867248430656534,All new customers
348,0.31269286110361355,1076.0,0.6873071388963865,All new customers
349,0.31152826944214757,1074.0,0.6884717305578525,All new customers
350,0.3103636777806816,1070.0,0.6896363222193185,All new customers
351,0.3097813819499486,1066.0,0.6902186180500514,All new customers
352,0.3086167902884826,1064.0,0.6913832097115173,All new customers
353,0.3077433465423831,1060.0,0.6922566534576169,All new customers
354,0.3074521986270166,1057.0,0.6925478013729833,All new customers
355,0.30657709749240464,1054.0,0.6934229025075953,All new customers
356,0.3048252283638766,1050.0,0.6951747716361234,All new customers
357,0.30424127198770057,1044.0,0.6957587280122994,All new customers
358,0.30365731561152454,1042.0,0.6963426843884755,All new customers
359,0.3030722340785543,1038.0,0.6969277659214457,All new customers
360,0.3018998076411131,1034.0,0.6981001923588869,All new customers
361,0.30043142336270307,1028.0,0.699568576637297,All new customers
362,0.299256715939975,1023.0,0.700743284060025,All new customers
363,0.2980808545806824,1018.0,0.7019191454193177,All new customers
364,0.29601903048773304,1012.0,0.703980969512267,All new customers
365,0.29542993788974753,1005.0,0.7045700621102524,All new customers
0,1.0,,0.0,Small first order
1,0.9957055214723927,1630.0,0.004294478527607337,Small first order
2,0.9920245398773005,1623.0,0.007975460122699451,Small first order
3,0.9889551570187693,1616.0,0.011044842981230651,Small first order
4,0.9846580210168255,1611.0,0.015341978983174465,Small first order
5,0.980355520300772,1602.0,0.019644479699228,Small first order
6,0.9778923154758957,1592.0,0.022107684524104276,Small first order
7,0.9711185022074859,1588.0,0.028881497792514144,Small first order
8,0.9668078937639523,1577.0,0.033192106236047736,Small first order
9,0.9612515265584123,1566.0,0.038748473441587716,Small first order
10,0.9563061810841568,1555.0,0.04369381891584323,Small first order
11,0.9513576368094652,1546.0,0.04864236319053483,Small first order
12,0.9457832756562847,1536.0,0.05421672434371527,Small first order
13,0.9402052615796749,1526.0,0.05979473842032512,Small first order
14,0.9302822509033722,1516.0,0.06971774909662776,Small first order
15,0.9284216864015655,1500.0,0.07157831359843447,Small first order
16,0.9253186727438063,1496.0,0.0746813272561937,Small first order
17,0.9222114911697841,1489.0,0.07778850883021593,Small first order
18,0.9153756917069352,1484.0,0.08462430829306478,Small first order
19,0.9122600494615066,1469.0,0.08773995053849337,Small first order
20,0.9072579381553434,1459.0,0.09274206184465661,Small first order
21,0.8966137801507603,1449.0,0.10338621984923968,Small first order
22,0.8928570185020839,1432.0,0.10714298149791612,Small first order
23,0.889089689310092,1422.0,0.11091031068990798,Small first order
24,0.8878303554725423,1412.0,0.1121696445274577,Small first order
25,0.8796446855284693,1410.0,0.1203553144715307,Small first order
26,0.8777529765273328,1395.0,0.12224702347266725,Small first order
27,0.872697523818752,1389.0,0.12730247618124801,Small first order
28,0.8638312209642799,1378.0,0.1361687790357201,Small first order
29,0.8606646842305399,1364.0,0.13933531576946012,Small first order
30,0.8574887997868847,1355.0,0.14251120021311525,Small first order
31,0.8517594759575737,1347.0,0.14824052404242627,Small first order
32,0.8485669741736248,1334.0,0.1514330258263752,Small first order
33,0.8453744723896759,1329.0,0.1546255276103241,Small first order
34,0.8409015915833813,1323.0,0.1590984084166187,Small first order
35,0.8351332117630684,1312.0,0.16486678823693157,Small first order
36,0.8332104184896308,1303.0,0.16678958151036916,Small first order
37,0.8306447205112177,1299.0,0.16935527948878226,Small first order
38,0.8255014095483,1292.0,0.17449859045170002,Small first order
39,0.8229217176434616,1280.0,0.17707828235653844,Small first order
40,0.8177501750345474,1273.0,0.1822498249654526,Small first order
41,0.8132214952677421,1264.0,0.18677850473225788,Small first order
42,0.8060993324907157,1256.0,0.19390066750928425,Small first order
43,0.8041569244606177,1245.0,0.1958430755393823,Small first order
44,0.7976770137075103,1241.0,0.20232298629248968,Small first order
45,0.793789067255646,1231.0,0.20621093274435398,Small first order
46,0.7892494238971579,1224.0,0.2107505761028421,Small first order
47,0.7860014838811202,1215.0,0.21399851611887977,Small first order
48,0.7808004815063899,1209.0,0.21919951849361008,Small first order
49,0.776245812030936,1200.0,0.223754187969064,Small first order
50,0.7716911425554821,1193.0,0.2283088574445179,Small first order
51,0.7677805455492888,1184.0,0.23221945445071124,Small first order
52,0.7645161724814772,1176.0,0.23548382751852281,Small first order
53,0.7632059476785955,1167.0,0.2367940523214045,Small first order
54,0.7612406104742729,1165.0,0.23875938952572706,Small first order
55,0.7605832351629825,1158.0,0.23941676483701746,Small first order
56,0.7553242326726595,1157.0,0.24467576732734053,Small first order
57,0.7546668573613691,1149.0,0.24533314263863093,Small first order
58,0.7507122712092571,1145.0,0.2492877287907429,Small first order
59,0.746754210025377,1138.0,0.253245789974623,Small first order
60,0.7460933655917262,1130.0,0.25390663440827377,Small first order
61,0.7421177348692126,1126.0,0.2578822651307874,Small first order
62,0.740788965424505,1117.0,0.259211034575495,Small first order
63,0.7367883049451648,1111.0,0.2632116950548352,Small first order
64,0.7354547514520514,1105.0,0.2645452485479486,Small first order
65,0.7341175609948658,1100.0,0.2658824390051342,Small first order
66,0.7314382998233516,1096.0,0.2685617001766484,Small first order
67,0.7294196108633976,1087.0,0.27058038913660243,Small first order
68,0.7267230503796142,1082.0,0.27327694962038585,Small first order
69,0.7240264898958308,1078.0,0.27597351010416915,Small first order
70,0.7193075090492099,1074.0,0.2806924909507901,Small first order
71,0.7179592288073182,1067.0,0.2820407711926818,Small first order
72,0.7145821863387983,1063.0,0.28541781366120167,Small first order
73,0.7132288109858839,1056.0,0.28677118901411613,Small first order
74,0.7118728626760248,1052.0,0.2881271373239752,Small first order
75,0.7111948885210952,1050.0,0.28880511147890475,Small first order
76,0.7098376463674291,1048.0,0.2901623536325709,Small first order
77,0.7071205644674581,1045.0,0.2928794355325419,Small first order
78,0.7030449416175015,1041.0,0.29695505838249847,Small first order
79,0.7030449416175015,1041.0,0.29695505838249847,Small first order
80,0.7003146699995695,1030.0,0.2996853300004305,Small first order
81,0.6989482023507898,1025.0,0.3010517976492102,Small first order
82,0.6968985008776203,1023.0,0.3031014991223797,Small first order
83,0.69211117064588,1019.0,0.30788882935412,Small first order
84,0.69142726632706,1012.0,0.30857273367294,Small first order
85,0.6866399360953197,1011.0,0.3133600639046803,Small first order
86,0.6825365101823995,1004.0,0.31746348981760053,Small first order
87,0.6804847972259394,998.0,0.31951520277406065,Small first order
88,0.6770618354692697,994.0,0.3229381645307303,Small first order
89,0.6750059796935532,988.0,0.32499402030644675,Small first order
90,0.6715795534006925,985.0,0.32842044659930747,Small first order
91,0.6674678418492598,980.0,0.3325321581507402,Small first order
92,0.6654119860735433,974.0,0.33458801392645665,Small first order
93,0.6613002745221105,971.0,0.3386997254778895,Small first order
94,0.6606142783867142,964.0,0.33938572161328584,Small first order
95,0.6606142783867142,964.0,0.33938572161328584,Small first order
96,0.6592408599285298,962.0,0.34075914007147023,Small first order
97,0.6558073137830687,960.0,0.34419268621693133,Small first order
98,0.653747186095792,955.0,0.34625281390420803,Small first order
99,0.6530604768666998,952.0,0.34693952313330023,Small first order
100,0.6516856127048751,950.0,0.34831438729512487,Small first order
101,0.6496233164621382,948.0,0.3503766835378618,Small first order
102,0.6475610202194013,945.0,0.3524389797805987,Small first order
103,0.6420557193036147,941.0,0.3579442806963853,Small first order
104,0.640679394074668,933.0,0.359320605925332,Small first order
105,0.6393030688457213,931.0,0.3606969311542787,Small first order
106,0.6358622557733546,929.0,0.36413774422664535,Small first order
107,0.6351740931588813,924.0,0.3648259068411187,Small first order
108,0.6324064500514353,918.0,0.36759354994856475,Small first order
109,0.6324064500514353,918.0,0.36759354994856475,Small first order
110,0.6303307177208507,914.0,0.3696692822791493,Small first order
111,0.6296388069439892,911.0,0.3703611930560108,Small first order
112,0.6282534630343215,909.0,0.3717465369656785,Small first order
113,0.6261754471698199,907.0,0.3738245528301801,Small first order
114,0.6247839461761091,900.0,0.3752160538238909,Small first order
115,0.6213013154839345,897.0,0.3786986845160655,Small first order
116,0.6192093918627765,891.0,0.38079060813722354,Small first order
117,0.6178132038315188,887.0,0.38218679616848117,Small first order
118,0.6164170158002612,885.0,0.3835829841997388,Small first order
119,0.6101341696596018,883.0,0.38986583034039823,Small first order
120,0.6059456055658288,874.0,0.39405439443417123,Small first order
121,0.6010533111725637,867.0,0.39894668882743634,Small first order
122,0.6010533111725637,867.0,0.39894668882743634,Small first order
123,0.59895661357545,860.0,0.40104338642454995,Small first order
124,0.59895661357545,860.0,0.40104338642454995,Small first order
125,0.5954580352251262,856.0,0.4045419647748738,Small first order
126,0.5933588882149319,851.0,0.4066411117850681,Small first order
127,0.5926591725448671,848.0,0.4073408274551329,Small first order
128,0.5919594568748023,847.0,0.40804054312519766,Small first order
129,0.5912580831107327,844.0,0.4087419168892673,Small first order
130,0.5877512142903843,843.0,0.41224878570961565,Small first order
131,0.5856420592151796,836.0,0.41435794078482036,Small first order
132,0.5849390075234447,833.0,0.41506099247655526,Small first order
133,0.5821234166328385,831.0,0.4178765833671615,Small first order
134,0.5807156211875354,827.0,0.4192843788124646,Small first order
135,0.5771918613502324,824.0,0.42280813864976763,Small first order
136,0.5764862478277993,818.0,0.42351375217220066,Small first order
137,0.5764862478277993,818.0,0.42351375217220066,Small first order
138,0.5764862478277993,818.0,0.42351375217220066,Small first order
139,0.5764862478277993,818.0,0.42351375217220066,Small first order
140,0.5722421772916437,815.0,0.4277578227083563,Small first order
141,0.5701201420235659,809.0,0.42987985797643413,Small first order
142,0.5665834165767696,806.0,0.4334165834232304,Small first order
143,0.5644587287646067,800.0,0.4355412712353933,Small first order
144,0.5630422702231648,797.0,0.4369577297768352,Small first order
145,0.5602057852346349,794.0,0.43979421476536507,Small first order
146,0.55878754274037,790.0,0.44121245725963,Small first order
147,0.5580784214932375,788.0,0.4419215785067625,Small first order
148,0.5545328152575753,787.0,0.44546718474242475,Small first order
149,0.5538236940104428,782.0,0.44617630598955715,Small first order
150,0.5524054515161779,781.0,0.4475945484838221,Small first order
151,0.5502753533740847,778.0,0.44972464662591527,Small first order
152,0.5495653206600536,775.0,0.4504346793399464,Small first order
153,0.5467251898039293,774.0,0.45327481019607074,Small first order
154,0.5445950916618361,770.0,0.45540490833816394,Small first order
155,0.5431750262337739,767.0,0.4568249737662261,Small first order
156,0.5431750262337739,767.0,0.4568249737662261,Small first order
157,0.5424640641575517,764.0,0.45753593584244834,Small first order
158,0.5410421400051072,763.0,0.4589578599948928,Small first order
159,0.5410421400051072,763.0,0.4589578599948928,Small first order
160,0.5389092537764406,761.0,0.4610907462235594,Small first order
161,0.5360541054120621,755.0,0.4639458945879379,Small first order
162,0.5353403183209675,751.0,0.4646596816790325,Small first order
163,0.5331989570476836,750.0,0.4668010429523164,Small first order
164,0.5317675504515824,745.0,0.4682324495484176,Small first order
165,0.5289008790205766,742.0,0.4710991209794234,Small first order
166,0.5267479582104522,737.0,0.47325204178954783,Small first order
167,0.5267479582104522,737.0,0.47325204178954783,Small first order
168,0.5260283571746456,732.0,0.4739716428253544,Small first order
169,0.5260283571746456,732.0,0.4739716428253544,Small first order
170,0.5253087561388389,731.0,0.4746912438611611,Small first order
171,0.5245891551030322,730.0,0.47541084489696783,Small first order
172,0.5238675744220102,727.0,0.47613242557798985,Small first order
173,0.5231449984572901,725.0,0.4768550015427099,Small first order
174,0.5216998465278501,724.0,0.47830015347214994,Small first order
175,0.5187934406976114,718.0,0.48120655930238865,Small first order
176,0.5180668392400517,714.0,0.4819331607599483,Small first order
177,0.517340237782492,713.0,0.48265976221750795,Small first order
178,0.517340237782492,713.0,0.48265976221750795,Small first order
179,0.5158829413380344,710.0,0.48411705866196564,Small first order
180,0.5158829413380344,710.0,0.48411705866196564,Small first order
181,0.5144256448935767,708.0,0.4855743551064233,Small first order
182,0.5136969966713478,706.0,0.4863030033286522,Small first order
183,0.512968348449119,705.0,0.487031651550881,Small first order
184,0.5107761760198493,702.0,0.48922382398015074,Small first order
185,0.5100444049940328,698.0,0.4899555950059672,Small first order
186,0.5093126339682164,697.0,0.49068736603178364,Small first order
187,0.5093126339682164,697.0,0.49068736603178364,Small first order
188,0.5085776951024613,693.0,0.4914223048975387,Small first order
189,0.5078406259791244,690.0,0.4921593740208756,Small first order
190,0.5048923494857768,689.0,0.49510765051422323,Small first order
191,0.5041542027760022,684.0,0.4958457972239978,Small first order
192,0.5026735736929596,681.0,0.4973264263070404,Small first order
193,0.5026735736929596,681.0,0.4973264263070404,Small first order
194,0.5026735736929596,681.0,0.4973264263070404,Small first order
195,0.5011907607912105,678.0,0.4988092392087895,Small first order
196,0.4997079478894613,676.0,0.5002920521105387,Small first order
197,0.49896654143858676,674.0,0.5010334585614132,Small first order
198,0.49748152197001955,672.0,0.5025184780299805,Small first order
199,0.49748152197001955,672.0,0.5025184780299805,Small first order
200,0.49525066312710464,669.0,0.5047493368728954,Small first order
201,0.49450704351279967,666.0,0.5054929564872004,Small first order
202,0.4937634238984947,665.0,0.5062365761015053,Small first order
203,0.49301755769925226,662.0,0.5069824423007477,Small first order
204,0.49077995910152494,661.0,0.5092200408984751,Small first order
205,0.48928367873841055,656.0,0.5107163212615895,Small first order
206,0.4885355385568534,654.0,0.5114644614431466,Small first order
207,0.48778625092103,652.0,0.51221374907897,Small first order
208,0.48703696328520657,651.0,0.5129630367147935,Small first order
209,0.48553838801355975,650.0,0.5144616119864402,Small first order
210,0.48403517318998834,646.0,0.5159648268100117,Small first order
211,0.48328356577820264,644.0,0.5167164342217974,Small first order
212,0.48253195836641694,643.0,0.5174680416335831,Small first order
213,0.4817803509546313,642.0,0.5182196490453688,Small first order
214,0.4817803509546313,642.0,0.5182196490453688,Small first order
215,0.4810287435428456,641.0,0.5189712564571545,Small first order
216,0.4802759599066283,639.0,0.5197240400933717,Small first order
217,0.47877039263419374,638.0,0.5212296073658063,Small first order
218,0.47877039263419374,638.0,0.5212296073658063,Small first order
219,0.4772576899718424,633.0,0.5227423100281576,Small first order
220,0.4757377610228875,628.0,0.5242622389771125,Small first order
221,0.4757377610228875,628.0,0.5242622389771125,Small first order
222,0.4749741370084046,623.0,0.5250258629915954,Small first order
223,0.4719196409504727,622.0,0.5280803590495273,Small first order
224,0.4711560169359897,618.0,0.5288439830640104,Small first order
225,0.4711560169359897,618.0,0.5288439830640104,Small first order
226,0.4703923929215067,617.0,0.5296076070784933,Small first order
227,0.4703923929215067,617.0,0.5296076070784933,Small first order
228,0.4688576705954985,613.0,0.5311423294045015,Small first order
229,0.4673229482694903,611.0,0.5326770517305097,Small first order
230,0.4665555871064862,609.0,0.5334444128935139,Small first order
231,0.46502086478047805,608.0,0.5349791352195219,Small first order
232,0.464253503617474,606.0,0.535746496382526,Small first order
233,0.46271878129146576,605.0,0.5372812187085343,Small first order
234,0.4619488665139425,601.0,0.5380511334860575,Small first order
235,0.46117895173641926,600.0,0.5388210482635807,Small first order
236,0.460409036958896,599.0,0.539590963041104,Small first order
237,0.460409036958896,599.0,0.539590963041104,Small first order
238,0.4596378325418794,597.0,0.5403621674581206,Small first order
239,0.4596378325418794,597.0,0.5403621674581206,Small first order
240,0.4596378325418794,597.0,0.5403621674581206,Small first order
241,0.4596378325418794,597.0,0.5403621674581206,Small first order
242,0.4573085867688631,592.0,0.5426914132311369,Small first order
243,0.4557504655192247,587.0,0.5442495344807753,Small first order
244,0.4557504655192247,587.0,0.5442495344807753,Small first order
245,0.4549687323022106,583.0,0.5450312676977894,Small first order
246,0.4549687323022106,583.0,0.5450312676977894,Small first order
247,0.4541869990851965,582.0,0.5458130009148034,Small first order
248,0.453403918052291,580.0,0.5465960819477089,Small first order
249,0.4526194822079099,578.0,0.5473805177920901,Small first order
250,0.4518350463635288,577.0,0.5481649536364712,Small first order
251,0.45104924628289655,575.0,0.5489507537171034,Small first order
252,0.45026344620226433,574.0,0.5497365537977357,Small first order
253,0.4494776461216321,573.0,0.5505223538783679,Small first order
254,0.4494776461216321,573.0,0.5505223538783679,Small first order
255,0.4494776461216321,573.0,0.5505223538783679,Small first order
256,0.4478977598435244,569.0,0.5521022401564756,Small first order
257,0.44710781670447064,567.0,0.5528921832955294,Small first order
258,0.44552232799275265,564.0,0.5544776720072473,Small first order
259,0.44552232799275265,564.0,0.5544776720072473,Small first order
260,0.44472817054535024,561.0,0.5552718294546497,Small first order
261,0.44472817054535024,561.0,0.5552718294546497,Small first order
262,0.4439297357687877,557.0,0.5560702642312123,Small first order
263,0.44312841855620866,554.0,0.5568715814437913,Small first order
264,0.44312841855620866,554.0,0.5568715814437913,Small first order
265,0.44151996694620427,551.0,0.5584800330537958,Small first order
266,0.4407142735758645,548.0,0.5592857264241355,Small first order
267,0.43990858020552476,547.0,0.5600914197944753,Small first order
268,0.43909544050089344,541.0,0.5609045594991066,Small first order
269,0.43909544050089344,541.0,0.5609045594991066,Small first order
270,0.43909544050089344,541.0,0.5609045594991066,Small first order
271,0.4374631154432693,538.0,0.5625368845567307,Small first order
272,0.4366454273770202,535.0,0.5633545726229798,Small first order
273,0.4358277393107711,534.0,0.5641722606892289,Small first order
274,0.4341923631782729,533.0,0.5658076368217271,Small first order
275,0.4341923631782729,533.0,0.5658076368217271,Small first order
276,0.4341923631782729,533.0,0.5658076368217271,Small first order
277,0.43337002915710193,528.0,0.5666299708428981,Small first order
278,0.43337002915710193,528.0,0.5666299708428981,Small first order
279,0.4325414057743924,523.0,0.5674585942256076,Small first order
280,0.4325414057743924,523.0,0.5674585942256076,Small first order
281,0.4325414057743924,523.0,0.5674585942256076,Small first order
282,0.4325414057743924,523.0,0.5674585942256076,Small first order
283,0.4325414057743924,523.0,0.5674585942256076,Small first order
284,0.4325414057743924,523.0,0.5674585942256076,Small first order
285,0.4325414057743924,523.0,0.5674585942256076,Small first order
286,0.4317047686258926,517.0,0.5682952313741074,Small first order
287,0.4283517218792837,515.0,0.5716482781207163,Small first order
288,0.4283517218792837,515.0,0.5716482781207163,Small first order
289,0.4266751985059793,511.0,0.5733248014940207,Small first order
290,0.4266751985059793,511.0,0.5733248014940207,Small first order
291,0.4266751985059793,511.0,0.5733248014940207,Small first order
292,0.4266751985059793,511.0,0.5733248014940207,Small first order
293,0.4266751985059793,511.0,0.5733248014940207,Small first order
294,0.4266751985059793,511.0,0.5733248014940207,Small first order
295,0.4266751985059793,511.0,0.5733248014940207,Small first order
296,0.42582862073116584,504.0,0.5741713792688341,Small first order
297,0.42582862073116584,504.0,0.5741713792688341,Small first order
298,0.42582862073116584,504.0,0.5741713792688341,Small first order
299,0.42582862073116584,504.0,0.5741713792688341,Small first order
300,0.42497182270152567,497.0,0.5750281772984743,Small first order
301,0.4241150246718855,496.0,0.5758849753281146,Small first order
302,0.4232582266422453,495.0,0.5767417733577547,Small first order
303,0.4232582266422453,495.0,0.5767417733577547,Small first order
304,0.4232582266422453,495.0,0.5767417733577547,Small first order
305,0.4232582266422453,495.0,0.5767417733577547,Small first order
306,0.42239266789655566,489.0,0.5776073321034443,Small first order
307,0.421527109150866,488.0,0.578472890849134,Small first order
308,0.42065976942010286,486.0,0.5793402305798971,Small first order
309,0.4197924296893398,485.0,0.5802075703106602,Small first order
310,0.4189232942241444,483.0,0.5810767057758556,Small first order
311,0.4189232942241444,483.0,0.5810767057758556,Small first order
312,0.4189232942241444,483.0,0.5810767057758556,Small first order
313,0.4189232942241444,483.0,0.5810767057758556,Small first order
314,0.4189232942241444,483.0,0.5810767057758556,Small first order
315,0.4189232942241444,483.0,0.5810767057758556,Small first order
316,0.4189232942241444,483.0,0.5810767057758556,Small first order
317,0.41716311231563963,476.0,0.5828368876843604,Small first order
318,0.41716311231563963,476.0,0.5828368876843604,Small first order
319,0.41716311231563963,476.0,0.5828368876843604,Small first order
320,0.41716311231563963,476.0,0.5828368876843604,Small first order
321,0.41716311231563963,476.0,0.5828368876843604,Small first order
322,0.4162755312256064,470.0,0.5837244687743937,Small first order
323,0.4162755312256064,470.0,0.5837244687743937,Small first order
324,0.41361278795550654,469.0,0.5863872120444935,Small first order
325,0.41272520686547326,466.0,0.5872747931345268,Small first order
326,0.41183571288515974,464.0,0.5881642871148403,Small first order
327,0.41183571288515974,464.0,0.5881642871148403,Small first order
328,0.41183571288515974,464.0,0.5881642871148403,Small first order
329,0.4109423599287928,461.0,0.5890576400712072,Small first order
330,0.41004900697242586,460.0,0.5899509930275741,Small first order
331,0.41004900697242586,460.0,0.5899509930275741,Small first order
332,0.40915370346375246,458.0,0.5908462965362475,Small first order
333,0.4082564365701916,456.0,0.5917435634298084,Small first order
334,0.4082564365701916,456.0,0.5917435634298084,Small first order
335,0.4082564365701916,456.0,0.5917435634298084,Small first order
336,0.4082564365701916,456.0,0.5917435634298084,Small first order
337,0.4082564365701916,456.0,0.5917435634298084,Small first order
338,0.4082564365701916,456.0,0.5917435634298084,Small first order
339,0.4082564365701916,456.0,0.5917435634298084,Small first order
340,0.4082564365701916,456.0,0.5917435634298084,Small first order
341,0.4082564365701916,456.0,0.5917435634298084,Small first order
342,0.40735121165540183,451.0,0.5926487883445981,Small first order
343,0.40735121165540183,451.0,0.5926487883445981,Small first order
344,0.40735121165540183,451.0,0.5926487883445981,Small first order
345,0.40735121165540183,451.0,0.5926487883445981,Small first order
346,0.40644598674061205,450.0,0.593554013259388,Small first order
347,0.40554076182582227,449.0,0.5944592381741778,Small first order
348,0.4046355369110325,448.0,0.5953644630889675,Small first order
349,0.4037303119962427,447.0,0.5962696880037572,Small first order
350,0.4028250870814529,446.0,0.5971749129185471,Small first order
351,0.40191986216666314,445.0,0.5980801378333369,Small first order
352,0.40191986216666314,445.0,0.5980801378333369,Small first order
353,0.40191986216666314,445.0,0.5980801378333369,Small first order
354,0.40191986216666314,445.0,0.5980801378333369,Small first order
355,0.40101463725187336,444.0,0.5989853627481266,Small first order
356,0.4001094123370836,443.0,0.5998905876629164,Small first order
357,0.3992041874222938,442.0,0.6007958125777062,Small first order
358,0.3992041874222938,442.0,0.6007958125777062,Small first order
359,0.3992041874222938,442.0,0.6007958125777062,Small first order
360,0.3992041874222938,442.0,0.6007958125777062,Small first order
361,0.3973813372514158,438.0,0.6026186627485842,Small first order
362,0.3973813372514158,438.0,0.6026186627485842,Small first order
363,0.3964699121659767,436.0,0.6035300878340233,Small first order
364,0.3946386423638244,433.0,0.6053613576361756,Small first order
365,0.3946386423638244,433.0,0.6053613576361756,Small first order
0,1.0,,0.0,Medium first order
1,0.9975445058317987,1629.0,0.0024554941682013443,Medium first order
2,0.9938612645794966,1625.0,0.006138735420503361,Medium first order
3,0.990788100496072,1617.0,0.009211899503927978,Medium first order
4,0.9883295692293323,1612.0,0.01167043077066765,Medium first order
5,0.984632575828225,1604.0,0.015367424171774946,Medium first order
6,0.9790836132844216,1597.0,0.020916386715578383,Medium first order
7,0.9710684451655945,1588.0,0.02893155483440546,Medium first order
8,0.9655194826217912,1575.0,0.034480517378208786,Medium first order
9,0.9624367256530116,1566.0,0.03756327434698836,Medium first order
10,0.9587350459389616,1560.0,0.04126495406103836,Medium first order
11,0.9544136387776141,1553.0,0.04558636122238591,Medium first order
12,0.9494556458488992,1540.0,0.05054435415110081,Medium first order
13,0.9438706126380233,1530.0,0.0561293873619767,Medium first order
14,0.935803342444536,1521.0,0.064196657555464,Medium first order
15,0.9295977499880073,1508.0,0.07040225001199274,Medium first order
16,0.9221360958075014,1495.0,0.07786390419249856,Medium first order
17,0.9140417208949441,1481.0,0.08595827910505593,Medium first order
18,0.90968024029081,1467.0,0.09031975970919004,Medium first order
19,0.904057216827474,1456.0,0.09594278317252602,Medium first order
20,0.8971798797700036,1446.0,0.10282012022999643,Medium first order
21,0.8859024790466377,1432.0,0.11409752095336234,Medium first order
22,0.8783842118977271,1414.0,0.12161578810227291,Medium first order
23,0.8739985560608625,1402.0,0.12600144393913748,Medium first order
24,0.8689827824249322,1394.0,0.1310172175750678,Medium first order
25,0.8664694555054097,1383.0,0.13353054449459034,Medium first order
26,0.8601678594653702,1375.0,0.13983214053462978,Medium first order
27,0.8576435223869686,1363.0,0.14235647761303138,Medium first order
28,0.8450125426758204,1358.0,0.15498745732417962,Medium first order
29,0.8380655038346888,1338.0,0.1619344961653112,Medium first order
30,0.8342762099213443,1327.0,0.16572379007865568,Medium first order
31,0.82668613068021,1319.0,0.17331386931978998,Medium first order
32,0.82098921247491,1306.0,0.17901078752509003,Medium first order
33,0.8146544191687763,1296.0,0.18534558083122366,Medium first order
34,0.8076861465320294,1286.0,0.19231385346797059,Medium first order
35,0.7950066151892974,1274.0,0.20499338481070262,Medium first order
36,0.7918367323536144,1254.0,0.2081632676463856,Medium first order
37,0.7873917787638186,1247.0,0.2126082212361814,Medium first order
38,0.7842142493902762,1239.0,0.21578575060972383,Medium first order
39,0.7791260790779305,1233.0,0.22087392092206948,Medium first order
40,0.774670292677975,1224.0,0.22532970732202495,Medium first order
41,0.7663816393406798,1215.0,0.23361836065932018,Medium first order
42,0.7587305747216381,1202.0,0.24126942527836193,Medium first order
43,0.7529922762573568,1190.0,0.24700772374264324,Medium first order
44,0.7485215842015455,1179.0,0.25147841579845454,Medium first order
45,0.7446764390772225,1168.0,0.2553235609227775,Medium first order
46,0.7421041543135706,1158.0,0.2578958456864294,Medium first order
47,0.7382457271680928,1154.0,0.2617542728319072,Medium first order
48,0.7305221450181214,1147.0,0.2694778549818786,Medium first order
49,0.7208676673306572,1135.0,0.2791323326693428,Medium first order
50,0.7176495081015025,1120.0,0.2823504918984975,Medium first order
51,0.70991899275391,1114.0,0.29008100724609,Medium first order
52,0.7047606349500669,1101.0,0.2952393650499331,Medium first order
53,0.7028191455975874,1089.0,0.2971808544024126,Medium first order
54,0.6995773598706613,1084.0,0.3004226401293387,Medium first order
55,0.6969815255112154,1078.0,0.3030184744887846,Medium first order
56,0.6891867647412857,1073.0,0.3108132352587143,Medium first order
57,0.6839902575613326,1061.0,0.3160097424386674,Medium first order
58,0.681392003971356,1053.0,0.318607996028644,Medium first order
59,0.6787887871462506,1047.0,0.32121121285374943,Medium first order
60,0.6761830720324454,1042.0,0.32381692796755457,Medium first order
61,0.6735773569186402,1038.0,0.3264226430813598,Medium first order
62,0.668355827020046,1032.0,0.33164417297995397,Medium first order
63,0.6605158759699575,1023.0,0.33948412403004247,Medium first order
64,0.6579025589532613,1011.0,0.34209744104673867,Medium first order
65,0.6533201530700048,1005.0,0.3466798469299952,Medium first order
66,0.652005625599039,994.0,0.34799437440096104,Medium first order
67,0.6493712594350024,990.0,0.3506287405649976,Medium first order
68,0.6447517484430868,984.0,0.3552482515569132,Medium first order
69,0.6407921675928734,977.0,0.3592078324071266,Medium first order
70,0.6335254522902738,970.0,0.3664745477097262,Medium first order
71,0.6289011789158923,959.0,0.37109882108410774,Medium first order
72,0.6242671702291436,950.0,0.3757328297708564,Medium first order
73,0.6209501289420599,941.0,0.3790498710579401,Medium first order
74,0.618290813614685,934.0,0.38170918638531504,Medium first order
75,0.6169597246725651,929.0,0.3830402753274349,Medium first order
76,0.6149630912593853,927.0,0.3850369087406147,Medium first order
77,0.6102840242606726,920.0,0.38971597573932737,Medium first order
78,0.6049365191192866,913.0,0.3950634808807134,Medium first order
79,0.6002522761615046,904.0,0.39974772383849544,Medium first order
80,0.5969063883345174,897.0,0.40309361166548263,Medium first order
81,0.5942236629936881,890.0,0.4057763370063119,Medium first order
82,0.5915379063247901,885.0,0.4084620936752099,Medium first order
83,0.5888460387192165,879.0,0.4111539612807835,Medium first order
84,0.5821163697052826,875.0,0.4178836302947174,Medium first order
85,0.579424502099709,865.0,0.42057549790029103,Medium first order
86,0.5780770032576166,860.0,0.4219229967423834,Medium first order
87,0.5767279320714844,857.0,0.42327206792851557,Medium first order
88,0.5746995806105062,853.0,0.4253004193894938,Medium first order
89,0.5733457535654873,849.0,0.42665424643451266,Medium first order
90,0.5733457535654873,849.0,0.42665424643451266,Medium first order
91,0.5672246245238629,843.0,0.4327753754761371,Medium first order
92,0.5645041227275854,834.0,0.43549587727241457,Medium first order
93,0.5604233700331691,830.0,0.4395766299668309,Medium first order
94,0.5590631191350304,824.0,0.4409368808649696,Medium first order
95,0.5556583498345734,821.0,0.4443416501654266,Medium first order
96,0.5529345343942078,816.0,0.4470654656057922,Medium first order
97,0.5502073603651365,811.0,0.4497926396348635,Medium first order
98,0.5474768027454584,806.0,0.4525231972545416,Medium first order
99,0.5440636057208608,802.0,0.45593639427913923,Medium first order
100,0.5426983269110217,797.0,0.4573016730889783,Medium first order
101,0.5406478294541791,794.0,0.4593521705458209,Medium first order
102,0.5399643303018982,791.0,0.46003566969810183,Medium first order
103,0.5385955994266082,789.0,0.4614044005733918,Medium first order
104,0.5344894068007382,787.0,0.4655105931992618,Medium first order
105,0.5317519450501582,781.0,0.4682480549498418,Medium first order
106,0.5290144832995782,777.0,0.47098551670042177,Medium first order
107,0.5269613869866432,773.0,0.4730386130133568,Medium first order
108,0.5262743447611065,767.0,0.47372565523889354,Medium first order
109,0.524210523801259,765.0,0.475789476198741,Medium first order
110,0.5228328351710323,761.0,0.4771671648289677,Medium first order
111,0.5200774579105789,759.0,0.4799225420894211,Medium first order
112,0.5166332363350121,755.0,0.4833667636649879,Medium first order
113,0.5166332363350121,755.0,0.4833667636649879,Medium first order
114,0.5152555477047854,750.0,0.48474445229521457,Medium first order
115,0.5138760147792036,747.0,0.48612398522079636,Medium first order
116,0.512496481853622,745.0,0.48750351814637805,Medium first order
117,0.5118067153908311,743.0,0.4881932846091689,Medium first order
118,0.5104253207474011,741.0,0.4895746792525989,Medium first order
119,0.5090439261039711,739.0,0.4909560738960289,Medium first order
120,0.5048997421736809,737.0,0.49510025782631906,Medium first order
121,0.5042090448519659,731.0,0.49579095514803406,Medium first order
122,0.5028257552913296,729.0,0.49717424470867044,Medium first order
123,0.5007508209503749,727.0,0.49924917904962507,Medium first order
124,0.49798424182910217,724.0,0.5020157581708978,Medium first order
125,0.4945260179275112,720.0,0.5054739820724887,Medium first order
126,0.4917594388062384,715.0,0.5082405611937616,Medium first order
127,0.48968450446528383,711.0,0.5103154955347162,Medium first order
128,0.48760663528084836,707.0,0.5123933647191516,Medium first order
129,0.48621941867976487,703.0,0.5137805813202352,Medium first order
130,0.4841356211711373,700.0,0.5158643788288627,Medium first order
131,0.48205182366250976,697.0,0.5179481763374902,Medium first order
132,0.48135722449296725,694.0,0.5186427755070327,Medium first order
133,0.47649503030616963,693.0,0.5235049696938303,Medium first order
134,0.47441123279754205,686.0,0.525588767202458,Medium first order
135,0.47301590564225515,680.0,0.5269840943577448,Medium first order
136,0.47231721154234046,677.0,0.5276827884576596,Medium first order
137,0.47231721154234046,677.0,0.5276827884576596,Medium first order
138,0.47091982334251103,676.0,0.529080176657489,Medium first order
139,0.4695224351426816,674.0,0.5304775648573183,Medium first order
140,0.46742322902430894,671.0,0.532576770975691,Medium first order
141,0.46532402290593633,668.0,0.5346759770940637,Medium first order
142,0.46462428753314544,665.0,0.5353757124668546,Medium first order
143,0.46322481678756366,664.0,0.5367751832124363,Medium first order
144,0.4625250814147728,662.0,0.5374749185852272,Medium first order
145,0.4618253460419819,661.0,0.5381746539580181,Medium first order
146,0.4597261399236093,660.0,0.5402738600763908,Medium first order
147,0.45622746305965484,657.0,0.5437725369403452,Medium first order
148,0.4541282569412822,652.0,0.5458717430587178,Medium first order
149,0.45272662651862394,648.0,0.5472733734813761,Medium first order
150,0.4520258113072948,646.0,0.5479741886927052,Medium first order
151,0.44851629413875993,644.0,0.5514837058612401,Medium first order
152,0.44711248727134595,639.0,0.5528875127286541,Medium first order
153,0.44640948021588783,636.0,0.5535905197841122,Medium first order
154,0.4435930166183113,634.0,0.5564069833816887,Medium first order
155,0.442184784819523,630.0,0.5578152151804769,Medium first order
156,0.4414806689201288,628.0,0.5585193310798712,Medium first order
157,0.44077655302073465,627.0,0.5592234469792654,Medium first order
158,0.43866420532255224,626.0,0.5613357946774478,Medium first order
159,0.43795895740402724,622.0,0.5620410425959728,Medium first order
160,0.43725370948550224,621.0,0.5627462905144978,Medium first order
161,0.4344327178114022,620.0,0.5655672821885978,Medium first order
162,0.4330222219743522,616.0,0.5669777780256477,Medium first order
163,0.4309064782187772,614.0,0.5690935217812227,Medium first order
164,0.4302012303002522,611.0,0.5697987696997477,Medium first order
165,0.4259697427891022,610.0,0.5740302572108977,Medium first order
166,0.4252644948705772,604.0,0.5747355051294227,Medium first order
167,0.4245592469520522,603.0,0.5754407530479477,Medium first order
168,0.4210330073594272,602.0,0.5789669926405727,Medium first order
169,0.4210330073594272,602.0,0.5789669926405727,Medium first order
170,0.4203277594409022,597.0,0.5796722405590977,Medium first order
171,0.41962132623175785,595.0,0.5803786737682421,Medium first order
172,0.4189137017355829,593.0,0.5810862982644172,Medium first order
173,0.41820607723940795,592.0,0.581793922760592,Medium first order
174,0.417498452743233,591.0,0.582501547256767,Medium first order
175,0.417498452743233,591.0,0.582501547256767,Medium first order
176,0.4139603302623581,590.0,0.5860396697376419,Medium first order
177,0.41325270576618317,585.0,0.5867472942338168,Medium first order
178,0.41112983227765826,584.0,0.5888701677223418,Medium first order
179,0.40757948830289437,579.0,0.5924205116971056,Medium first order
180,0.40757948830289437,579.0,0.5924205116971056,Medium first order
181,0.40544556428036616,573.0,0.5945544357196338,Medium first order
182,0.40402294826534735,570.0,0.5959770517346527,Medium first order
183,0.40402294826534735,570.0,0.5959770517346527,Medium first order
184,0.40260033225032854,568.0,0.5973996677496715,Medium first order
185,0.40260033225032854,568.0,0.5973996677496715,Medium first order
186,0.3990311803686767,564.0,0.6009688196313233,Medium first order
187,0.3976009610842011,558.0,0.6023990389157989,Medium first order
188,0.39688585144196337,556.0,0.6031141485580367,Medium first order
189,0.39474052251525005,555.0,0.60525947748475,Medium first order
190,0.3933103032307745,552.0,0.6066896967692255,Medium first order
191,0.3911610666010981,549.0,0.6088389333989019,Medium first order
192,0.38901182997142175,546.0,0.6109881700285782,Medium first order
193,0.38757636196414713,542.0,0.6124236380358529,Medium first order
194,0.3861408939568725,540.0,0.6138591060431275,Medium first order
195,0.38542315995323523,538.0,0.6145768400467648,Medium first order
196,0.3847027428318273,535.0,0.6152972571681727,Medium first order
197,0.3832619085890115,534.0,0.6167380914109886,Medium first order
198,0.38182107434619567,532.0,0.6181789256538044,Medium first order
199,0.38182107434619567,532.0,0.6181789256538044,Medium first order
200,0.380377516409159,529.0,0.619622483590841,Medium first order
201,0.3796557374406407,527.0,0.6203442625593594,Medium first order
202,0.3796557374406407,527.0,0.6203442625593594,Medium first order
203,0.3760330681902529,524.0,0.6239669318097472,Medium first order
204,0.37458400049009777,519.0,0.6254159995099022,Medium first order
205,0.37458400049009777,519.0,0.6254159995099022,Medium first order
206,0.3731321245192059,516.0,0.6268678754807941,Medium first order
207,0.3724047714499677,513.0,0.6275952285500324,Medium first order
208,0.3724047714499677,513.0,0.6275952285500324,Medium first order
209,0.37167599498920456,511.0,0.6283240050107954,Medium first order
210,0.3709472185284414,510.0,0.6290527814715585,Medium first order
211,0.3673033362246257,509.0,0.6326966637753744,Medium first order
212,0.3673033362246257,509.0,0.6326966637753744,Medium first order
213,0.3658457833030994,504.0,0.6341542166969005,Medium first order
214,0.36438823038157314,502.0,0.6356117696184269,Medium first order
215,0.36438823038157314,502.0,0.6356117696184269,Medium first order
216,0.36292482383385594,498.0,0.6370751761661441,Medium first order
217,0.35999801073842164,496.0,0.6400019892615784,Medium first order
218,0.35926630746456306,492.0,0.640733692535437,Medium first order
219,0.35926630746456306,492.0,0.640733692535437,Medium first order
220,0.358533110918717,490.0,0.641466889081283,Medium first order
221,0.358533110918717,490.0,0.641466889081283,Medium first order
222,0.358533110918717,490.0,0.641466889081283,Medium first order
223,0.3577969032987607,487.0,0.6422030967012393,Medium first order
224,0.3570606956788044,486.0,0.6429393043211956,Medium first order
225,0.3563244880588481,485.0,0.6436755119411519,Medium first order
226,0.3555882804388918,484.0,0.6444117195611082,Medium first order
227,0.3555882804388918,484.0,0.6444117195611082,Medium first order
228,0.3548520728189355,483.0,0.6451479271810645,Medium first order
229,0.35411433462180675,481.0,0.6458856653781933,Medium first order
230,0.35411433462180675,481.0,0.6458856653781933,Medium first order
231,0.3526388582275492,480.0,0.6473611417724507,Medium first order
232,0.3504256436361629,478.0,0.6495743563638371,Medium first order
233,0.3504256436361629,478.0,0.6495743563638371,Medium first order
234,0.3496863490293356,474.0,0.6503136509706644,Medium first order
235,0.3489439151672776,471.0,0.6510560848327225,Medium first order
236,0.3489439151672776,471.0,0.6510560848327225,Medium first order
237,0.3489439151672776,471.0,0.6510560848327225,Medium first order
238,0.34819830851093725,468.0,0.6518016914890628,Medium first order
239,0.34819830851093725,468.0,0.6518016914890628,Medium first order
240,0.34819830851093725,468.0,0.6518016914890628,Medium first order
241,0.3474527018545969,467.0,0.652547298145403,Medium first order
242,0.3467070951982566,466.0,0.6532929048017434,Medium first order
243,0.3459614885419163,465.0,0.6540385114580838,Medium first order
244,0.34521588188557595,464.0,0.654784118114424,Medium first order
245,0.34372144083845224,462.0,0.6562785591615478,Medium first order
246,0.3429742203148904,460.0,0.6570257796851096,Medium first order
247,0.34222536830546924,458.0,0.6577746316945308,Medium first order
248,0.34222536830546924,458.0,0.6577746316945308,Medium first order
249,0.34147487407672916,456.0,0.6585251259232708,Medium first order
250,0.34147487407672916,456.0,0.6585251259232708,Medium first order
251,0.34147487407672916,456.0,0.6585251259232708,Medium first order
252,0.3407210664076856,453.0,0.6592789335923144,Medium first order
253,0.3407210664076856,453.0,0.6592789335923144,Medium first order
254,0.3407210664076856,453.0,0.6592789335923144,Medium first order
255,0.3407210664076856,453.0,0.6592789335923144,Medium first order
256,0.3392033779158919,449.0,0.6607966220841082,Medium first order
257,0.33844453366999505,447.0,0.661555466330005,Medium first order
258,0.3376856894240982,446.0,0.6623143105759017,Medium first order
259,0.3369268451782014,445.0,0.6630731548217986,Medium first order
260,0.3369268451782014,445.0,0.6630731548217986,Medium first order
261,0.33616800093230453,444.0,0.6638319990676955,Medium first order
262,0.33616800093230453,444.0,0.6638319990676955,Medium first order
263,0.3354074398442224,442.0,0.6645925601557776,Medium first order
264,0.3354074398442224,442.0,0.6645925601557776,Medium first order
265,0.3354074398442224,442.0,0.6645925601557776,Medium first order
266,0.33310487160730556,437.0,0.6668951283926945,Medium first order
267,0.33310487160730556,437.0,0.6668951283926945,Medium first order
268,0.33310487160730556,437.0,0.6668951283926945,Medium first order
269,0.33155193514293585,429.0,0.6684480648570641,Medium first order
270,0.33077364421537025,426.0,0.6692263557846297,Medium first order
271,0.329991673425263,423.0,0.670008326574737,Medium first order
272,0.32920970263515575,422.0,0.6707902973648443,Medium first order
273,0.32764203738451214,420.0,0.6723579626154879,Medium first order
274,0.32685820475919036,418.0,0.6731417952408096,Medium first order
275,0.32685820475919036,418.0,0.6731417952408096,Medium first order
276,0.32685820475919036,418.0,0.6731417952408096,Medium first order
277,0.32607059462724053,415.0,0.6739294053727595,Medium first order
278,0.3252829844952907,414.0,0.6747170155047093,Medium first order
279,0.32290286509654464,410.0,0.6770971349034554,Medium first order
280,0.3221094919636293,407.0,0.6778905080363706,Medium first order
281,0.3213161188307139,406.0,0.6786838811692861,Medium first order
282,0.3213161188307139,406.0,0.6786838811692861,Medium first order
283,0.3213161188307139,406.0,0.6786838811692861,Medium first order
284,0.32051880836215135,403.0,0.6794811916378487,Medium first order
285,0.3197195095881809,401.0,0.6802804904118191,Medium first order
286,0.3197195095881809,401.0,0.6802804904118191,Medium first order
287,0.31892021081421046,400.0,0.6810797891857896,Medium first order
288,0.31892021081421046,400.0,0.6810797891857896,Medium first order
289,0.31892021081421046,400.0,0.6810797891857896,Medium first order
290,0.3165041486110725,396.0,0.6834958513889275,Medium first order
291,0.3165041486110725,396.0,0.6834958513889275,Medium first order
292,0.31569674006869736,392.0,0.6843032599313026,Medium first order
293,0.31569674006869736,392.0,0.6843032599313026,Medium first order
294,0.31407778242731943,390.0,0.6859222175726806,Medium first order
295,0.31326830360663044,388.0,0.6867316963933696,Medium first order
296,0.3116409357956869,385.0,0.6883590642043131,Medium first order
297,0.3100135679847434,383.0,0.6899864320152567,Medium first order
298,0.3100135679847434,383.0,0.6899864320152567,Medium first order
299,0.3100135679847434,383.0,0.6899864320152567,Medium first order
300,0.30919559023280474,379.0,0.6908044097671953,Medium first order
301,0.30919559023280474,379.0,0.6908044097671953,Medium first order
302,0.30919559023280474,379.0,0.6908044097671953,Medium first order
303,0.30919559023280474,379.0,0.6908044097671953,Medium first order
304,0.3083732615353771,376.0,0.6916267384646229,Medium first order
305,0.3083732615353771,376.0,0.6916267384646229,Medium first order
306,0.3075509328379494,375.0,0.6924490671620507,Medium first order
307,0.3075509328379494,375.0,0.6924490671620507,Medium first order
308,0.3067286041405217,374.0,0.6932713958594783,Medium first order
309,0.3067286041405217,374.0,0.6932713958594783,Medium first order
310,0.3067286041405217,374.0,0.6932713958594783,Medium first order
311,0.30590406488207944,372.0,0.6940959351179206,Medium first order
312,0.30590406488207944,372.0,0.6940959351179206,Medium first order
313,0.30590406488207944,372.0,0.6940959351179206,Medium first order
314,0.30590406488207944,372.0,0.6940959351179206,Medium first order
315,0.30590406488207944,372.0,0.6940959351179206,Medium first order
316,0.30590406488207944,372.0,0.6940959351179206,Medium first order
317,0.30590406488207944,372.0,0.6940959351179206,Medium first order
318,0.3042324579701555,366.0,0.6957675420298445,Medium first order
319,0.3025608510582316,364.0,0.6974391489417684,Medium first order
320,0.3025608510582316,364.0,0.6974391489417684,Medium first order
321,0.3017204042497365,360.0,0.6982795957502634,Medium first order
322,0.3000395106327463,359.0,0.6999604893672537,Medium first order
323,0.3000395106327463,359.0,0.6999604893672537,Medium first order
324,0.29835861701575617,357.0,0.7016413829842438,Medium first order
325,0.29751817020726107,355.0,0.7024818297927389,Medium first order
326,0.29751817020726107,355.0,0.7024818297927389,Medium first order
327,0.29751817020726107,355.0,0.7024818297927389,Medium first order
328,0.29751817020726107,355.0,0.7024818297927389,Medium first order
329,0.2958372765902709,354.0,0.7041627234097291,Medium first order
330,0.2958372765902709,354.0,0.7041627234097291,Medium first order
331,0.2949968297817758,352.0,0.7050031702182242,Medium first order
332,0.2949968297817758,352.0,0.7050031702182242,Medium first order
333,0.2949968297817758,352.0,0.7050031702182242,Medium first order
334,0.29415156665919195,349.0,0.705848433340808,Medium first order
335,0.29415156665919195,349.0,0.705848433340808,Medium first order
336,0.29415156665919195,349.0,0.705848433340808,Medium first order
337,0.29415156665919195,349.0,0.705848433340808,Medium first order
338,0.29415156665919195,349.0,0.705848433340808,Medium first order
339,0.29415156665919195,349.0,0.705848433340808,Medium first order
340,0.29245126858601744,346.0,0.7075487314139826,Medium first order
341,0.2916011195494302,344.0,0.7083988804505699,Medium first order
342,0.2916011195494302,344.0,0.7083988804505699,Medium first order
343,0.29075097051284293,343.0,0.7092490294871571,Medium first order
344,0.29075097051284293,343.0,0.7092490294871571,Medium first order
345,0.2899008214762557,342.0,0.7100991785237443,Medium first order
346,0.2899008214762557,342.0,0.7100991785237443,Medium first order
347,0.2899008214762557,342.0,0.7100991785237443,Medium first order
348,0.2890506724396684,341.0,0.7109493275603316,Medium first order
349,0.2873503743664939,340.0,0.7126496256335061,Medium first order
350,0.28650022532990665,338.0,0.7134997746700933,Medium first order
351,0.2856500762933194,337.0,0.7143499237066806,Medium first order
352,0.2839497782201449,336.0,0.7160502217798551,Medium first order
353,0.28309962918355763,334.0,0.7169003708164423,Medium first order
354,0.2822494801469704,333.0,0.7177505198530296,Medium first order
355,0.2813967626842907,331.0,0.7186032373157093,Medium first order
356,0.2805414533752199,329.0,0.71945854662478,Medium first order
357,0.2805414533752199,329.0,0.71945854662478,Medium first order
358,0.2796861440661491,328.0,0.7203138559338509,Medium first order
359,0.2779702781516329,326.0,0.7220297218483671,Medium first order
360,0.2762544122371166,324.0,0.7237455877628833,Medium first order
361,0.27539380659151813,321.0,0.7246061934084819,Medium first order
362,0.2736725953003212,320.0,0.7263274046996788,Medium first order
363,0.27194595432050844,317.0,0.7280540456794915,Medium first order
364,0.2693559928507893,315.0,0.7306440071492106,Medium first order
365,0.2684926723608829,312.0,0.7315073276391171,Medium first order
0,1.0,,0.0,Large first order
1,0.9920196439533456,1629.0,0.007980356046654369,Large first order
2,0.9877198684067987,1615.0,0.012280131593201293,Large first order
3,0.982805839210745,1608.0,0.017194160789254953,Large first order
4,0.9766556149353336,1598.0,0.023344385064666406,Large first order
5,0.9729631551435175,1587.0,0.0270368448564825,Large first order
6,0.9668090554904908,1581.0,0.03319094450950921,Large first order
7,0.9575661390900081,1569.0,0.042433860909991905,Large first order
8,0.9526365836764173,1554.0,0.04736341632358265,Large first order
9,0.9477038376120734,1545.0,0.05229616238792656,Large first order
10,0.9384549387414286,1537.0,0.0615450612585714,Large first order
11,0.9310558196449128,1522.0,0.0689441803550872,Large first order
12,0.9248898870644828,1510.0,0.07511011293551717,Large first order
13,0.9205592989645153,1495.0,0.07944070103548473,Large first order
14,0.9075587977686479,1487.0,0.0924412022313521,Large first order
15,0.9007490114279555,1466.0,0.09925098857204451,Large first order
16,0.8920820106307106,1455.0,0.10791798936928942,Large first order
17,0.8809232363490199,1439.0,0.11907676365098008,Large first order
18,0.8734840534945595,1421.0,0.1265159465054405,Large first order
19,0.8672847344491759,1409.0,0.13271526555082414,Large first order
20,0.8629389984855794,1397.0,0.13706100151442058,Large first order
21,0.8480286054231936,1389.0,0.15197139457680642,Large first order
22,0.8430584744023983,1365.0,0.15694152559760166,Large first order
23,0.8374629535545949,1356.0,0.16253704644540512,Large first order
24,0.8318632755590589,1346.0,0.16813672444094108,Large first order
25,0.8275079704514199,1337.0,0.17249202954858012,Large first order
26,0.8212814243983618,1329.0,0.17871857560163817,Large first order
27,0.8144166100606856,1316.0,0.18558338993931445,Large first order
28,0.8038073515388222,1305.0,0.1961926484611778,Large first order
29,0.7969425372011459,1288.0,0.20305746279885406,Large first order
30,0.7938148192372482,1274.0,0.20618518076275183,Large first order
31,0.7850433847705383,1267.0,0.21495661522946174,Large first order
32,0.7793955906354985,1251.0,0.22060440936450154,Large first order
33,0.7743631735853903,1239.0,0.2256368264146097,Large first order
34,0.7680675380277855,1230.0,0.2319324619722145,Large first order
35,0.750439758466492,1220.0,0.24956024153350798,Large first order
36,0.7447736864646477,1192.0,0.2552263135353523,Large first order
37,0.7397371780185639,1183.0,0.26026282198143613,Large first order
38,0.7328060800984582,1174.0,0.26719391990154184,Large first order
39,0.7290091574036475,1158.0,0.27099084259635253,Large first order
40,0.7226754549066566,1151.0,0.27732454509334337,Large first order
41,0.7144344190173701,1140.0,0.28556558098262985,Large first order
42,0.7042735739469008,1125.0,0.2957264260530992,Large first order
43,0.6953828345102402,1109.0,0.3046171654897598,Large first order
44,0.6896673591581013,1095.0,0.3103326408418987,Large first order
45,0.685853530443863,1085.0,0.314146469556137,Large first order
46,0.6833086193847021,1078.0,0.3166913806152979,Large first order
47,0.6807541946393387,1070.0,0.31924580536066127,Large first order
48,0.6743501100237288,1063.0,0.3256498899762712,Large first order
49,0.664734851800957,1052.0,0.33526514819904296,Large first order
50,0.6551195935781852,1037.0,0.34488040642181483,Large first order
51,0.6493504386445221,1022.0,0.35064956135547787,Large first order
52,0.6461358325126185,1010.0,0.3538641674873815,Large first order
53,0.6416353839279535,1005.0,0.3583646160720465,Large first order
54,0.6371258982979378,996.0,0.36287410170206225,Large first order
55,0.6326072749057537,987.0,0.36739272509424625,Large first order
56,0.6287341691410246,980.0,0.37126583085897535,Large first order
57,0.6222789928664761,974.0,0.37772100713352386,Large first order
58,0.618405887101747,964.0,0.38159411289825296,Large first order
59,0.6132255236495858,955.0,0.3867744763504142,Large first order
60,0.6106326038878539,946.0,0.3893673961121461,Large first order
61,0.6060804971496058,939.0,0.39391950285039423,Large first order
62,0.5995564874924518,929.0,0.40044351250754817,Large first order
63,0.5930182488066018,917.0,0.4069817511933982,Large first order
64,0.5890953055950917,907.0,0.4109046944049083,Large first order
65,0.5864741918883283,899.0,0.4135258081116717,Large first order
66,0.5838442627767214,892.0,0.4161557372232786,Large first order
67,0.5798993691093111,888.0,0.42010063089068894,Large first order
68,0.5752812853962675,879.0,0.42471871460373245,Large first order
69,0.572633270273615,869.0,0.427366729726385,Large first order
70,0.5673372400283099,865.0,0.4326627599716901,Large first order
71,0.5613792060023416,857.0,0.4386207939976584,Large first order
72,0.5580613619952356,846.0,0.4419386380047644,Large first order
73,0.553399751572841,838.0,0.44660024842715895,Large first order
74,0.5494040854965029,831.0,0.4505959145034971,Large first order
75,0.546074363766221,825.0,0.453925636233779,Large first order
76,0.5447392186225383,818.0,0.45526078137746173,Large first order
77,0.5407239418267947,814.0,0.45927605817320527,Large first order
78,0.53537023943247,808.0,0.46462976056753,Large first order
79,0.5333550440519211,797.0,0.46664495594807887,Large first order
80,0.5313347597941487,792.0,0.4686652402058513,Large first order
81,0.5306579002275319,785.0,0.4693420997724681,Large first order
82,0.5265915561644857,783.0,0.4734084438355143,Large first order
83,0.522514718310309,775.0,0.47748528168969095,Large first order
84,0.5150307835428437,768.0,0.4849692164571563,Large first order
85,0.5109486373060443,757.0,0.48905136269395566,Large first order
86,0.5068555908122709,749.0,0.49314440918772906,Large first order
87,0.5034308908743502,740.0,0.4965691091256498,Large first order
88,0.4986363109612612,735.0,0.5013636890387387,Large first order
89,0.4979504288278895,727.0,0.5020495711721105,Large first order
90,0.49657866456114597,726.0,0.503421335438854,Large first order
91,0.4890235258195518,723.0,0.5109764741804482,Large first order
92,0.48764986423017104,712.0,0.512350135769829,Large first order
93,0.4862762026407903,710.0,0.5137237973592097,Large first order
94,0.48490059810715297,707.0,0.515099401892847,Large first order
95,0.48146158677305967,705.0,0.5185384132269404,Large first order
96,0.47733477317214773,700.0,0.5226652268278522,Large first order
97,0.47526838887270123,693.0,0.5247316111272988,Large first order
98,0.46975003312381647,689.0,0.5302499668761835,Large first order
99,0.46906023865520585,681.0,0.5309397613447941,Large first order
100,0.46837044418659524,680.0,0.5316295558134048,Large first order
101,0.46629800859284926,678.0,0.5337019914071508,Large first order
102,0.4635347611345213,675.0,0.5364652388654787,Large first order
103,0.4628439492699393,671.0,0.5371560507300607,Large first order
104,0.4614623255407753,670.0,0.5385376744592247,Large first order
105,0.4586990780824473,668.0,0.5413009219175526,Large first order
106,0.45662664248870133,664.0,0.5433733575112987,Large first order
107,0.4538633950303734,661.0,0.5461366049696266,Large first order
108,0.4517909594366274,657.0,0.5482090405633726,Large first order
109,0.4511001475720454,654.0,0.5488998524279546,Large first order
110,0.45040933570746344,653.0,0.5495906642925366,Large first order
111,0.44971852384288147,652.0,0.5502814761571185,Large first order
112,0.4476428998866836,650.0,0.5523571001133164,Large first order
113,0.44418352662635374,647.0,0.5558164733736463,Large first order
114,0.4414117105475622,641.0,0.5585882894524379,Large first order
115,0.44001924458368974,634.0,0.5599807554163103,Large first order
116,0.4351456137101362,632.0,0.5648543862898638,Large first order
117,0.43305691476432756,625.0,0.5669430852356725,Large first order
118,0.4323584358695464,620.0,0.5676415641304535,Large first order
119,0.4295645202904217,619.0,0.5704354797095783,Large first order
120,0.4253736469217346,615.0,0.5746263530782654,Large first order
121,0.4239766891321723,609.0,0.5760233108678277,Large first order
122,0.4225797313426099,607.0,0.5774202686573902,Large first order
123,0.42118277355304756,605.0,0.5788172264469524,Large first order
124,0.4204831343943216,602.0,0.5795168656056784,Large first order
125,0.41768457775941764,601.0,0.5823154222405824,Large first order
126,0.4127788864098943,596.0,0.5872211135901058,Large first order
127,0.4064715689605071,589.0,0.5935284310394928,Large first order
128,0.40436912981071144,580.0,0.5956308701892885,Large first order
129,0.4036683167607795,577.0,0.5963316832392205,Large first order
130,0.4022666906609157,576.0,0.5977333093390843,Large first order
131,0.40085770050098257,571.0,0.5991422994990174,Large first order
132,0.39873676028669164,567.0,0.6012632397133084,Large first order
133,0.39873676028669164,567.0,0.6012632397133084,Large first order
134,0.39732280014383103,564.0,0.602677199856169,Large first order
135,0.3966158200724007,562.0,0.6033841799275993,Large first order
136,0.3951968010381524,559.0,0.6048031989618476,Large first order
137,0.39164925345253165,557.0,0.6083507465474683,Large first order
138,0.3895207249011592,552.0,0.6104792750988408,Large first order
139,0.38597317731553843,549.0,0.6140268226844616,Large first order
140,0.38241909649311173,543.0,0.6175809035068882,Large first order
141,0.38241909649311173,543.0,0.6175809035068882,Large first order
142,0.3802866479996557,538.0,0.6197133520003443,Large first order
143,0.37957583183517035,535.0,0.6204241681648297,Large first order
144,0.37957583183517035,535.0,0.6204241681648297,Large first order
145,0.37886368205686793,533.0,0.6211363179431321,Large first order
146,0.3767272327219608,532.0,0.6232727672780392,Large first order
147,0.3745867370814951,528.0,0.625413262918505,Large first order
148,0.3738732385346732,525.0,0.6261267614653268,Large first order
149,0.37315837574588795,523.0,0.626841624254112,Large first order
150,0.3724421408596194,521.0,0.6275578591403805,Large first order
151,0.3717259059733509,520.0,0.6282740940266491,Large first order
152,0.3695772013145454,519.0,0.6304227986854546,Large first order
153,0.3695772013145454,519.0,0.6304227986854546,Large first order
154,0.3688609664282769,516.0,0.6311390335717231,Large first order
155,0.3667122617694714,515.0,0.6332877382305286,Large first order
156,0.36455935220918095,511.0,0.635440647790819,Large first order
157,0.36384171568908413,508.0,0.6361582843109159,Large first order
158,0.3631240791689873,507.0,0.6368759208310126,Large first order
159,0.3631240791689873,507.0,0.6368759208310126,Large first order
160,0.36168880612879367,506.0,0.6383111938712063,Large first order
161,0.36025353308860003,504.0,0.6397464669113999,Large first order
162,0.3588182600484064,502.0,0.6411817399515936,Large first order
163,0.357380110709535,499.0,0.642619889290465,Large first order
164,0.3566610360400993,497.0,0.6433389639599008,Large first order
165,0.3566610360400993,497.0,0.6433389639599008,Large first order
166,0.3552228867012279,496.0,0.6447771132987721,Large first order
167,0.3523465880234852,494.0,0.6476534119765148,Large first order
168,0.3509084386846138,490.0,0.6490915613153863,Large first order
169,0.3487512146763067,488.0,0.6512487853236932,Large first order
170,0.34731306533743533,485.0,0.6526869346625647,Large first order
171,0.34587491599856396,483.0,0.6541250840014361,Large first order
172,0.3444367666596926,481.0,0.6555632333403074,Large first order
173,0.34371618764994427,478.0,0.6562838123500557,Large first order
174,0.34227200198754953,476.0,0.6577279980124504,Large first order
175,0.34227200198754953,476.0,0.6577279980124504,Large first order
176,0.3415499091563522,474.0,0.6584500908436478,Large first order
177,0.3408278163251548,473.0,0.6591721836748452,Large first order
178,0.33865693851416656,471.0,0.6613430614858334,Large first order
179,0.33720658759975897,467.0,0.662793412400241,Large first order
180,0.33720658759975897,467.0,0.662793412400241,Large first order
181,0.33720658759975897,467.0,0.662793412400241,Large first order
182,0.33647984926441465,464.0,0.6635201507355853,Large first order
183,0.33647984926441465,464.0,0.6635201507355853,Large first order
184,0.3350232265403263,462.0,0.6649767734596737,Large first order
185,0.3342949151782821,460.0,0.6657050848217179,Large first order
186,0.3342949151782821,460.0,0.6657050848217179,Large first order
187,0.3328382924541937,459.0,0.6671617075458063,Large first order
188,0.33210838391811,456.0,0.66789161608189,Large first order
189,0.3299186583098587,455.0,0.6700813416901412,Large first order
190,0.329188749773775,452.0,0.670811250226225,Large first order
191,0.32772893270160747,451.0,0.6722710672983925,Large first order
192,0.32699902416552373,449.0,0.6730009758344763,Large first order
193,0.32699902416552373,449.0,0.6730009758344763,Large first order
194,0.32626911562943994,448.0,0.6737308843705601,Large first order
195,0.32553920709335615,447.0,0.6744607929066438,Large first order
196,0.3233494814851049,446.0,0.6766505185148951,Large first order
197,0.32188966441293737,443.0,0.6781103355870626,Large first order
198,0.3211597558768536,441.0,0.6788402441231465,Large first order
199,0.3211597558768536,441.0,0.6788402441231465,Large first order
200,0.3211597558768536,441.0,0.6788402441231465,Large first order
201,0.3211597558768536,441.0,0.6788402441231465,Large first order
202,0.3211597558768536,441.0,0.6788402441231465,Large first order
203,0.31969661348105927,439.0,0.6803033865189407,Large first order
204,0.3189650422831621,437.0,0.681034957716838,Large first order
205,0.3182334710852649,436.0,0.6817665289147351,Large first order
206,0.3182334710852649,436.0,0.6817665289147351,Large first order
207,0.3175002142394463,434.0,0.6824997857605537,Large first order
208,0.3160337005478091,433.0,0.6839662994521909,Large first order
209,0.3160337005478091,433.0,0.6839662994521909,Large first order
210,0.3138288142649174,430.0,0.6861711857350826,Large first order
211,0.31309385217062013,427.0,0.6869061478293799,Large first order
212,0.3123588900763229,426.0,0.6876411099236771,Large first order
213,0.3116187031330141,422.0,0.6883812968669859,Large first order
214,0.310131263022594,419.0,0.689868736977406,Large first order
215,0.310131263022594,419.0,0.689868736977406,Large first order
216,0.30864024733498535,416.0,0.6913597526650146,Large first order
217,0.30864024733498535,416.0,0.6913597526650146,Large first order
218,0.30864024733498535,416.0,0.6913597526650146,Large first order
219,0.30789293438744303,413.0,0.692107065612557,Large first order
220,0.30789293438744303,413.0,0.692107065612557,Large first order
221,0.30564554070578287,411.0,0.6943544592942171,Large first order
222,0.30564554070578287,411.0,0.6943544592942171,Large first order
223,0.30414727825134275,408.0,0.6958527217486572,Large first order
224,0.2996524908880224,406.0,0.7003475091119775,Large first order
225,0.2981542284335823,400.0,0.7018457715664177,Large first order
226,0.29740509720636227,398.0,0.7025949027936378,Large first order
227,0.29740509720636227,398.0,0.7025949027936378,Large first order
228,0.29590305126087557,396.0,0.7040969487391244,Large first order
229,0.2944010053153889,394.0,0.7055989946846111,Large first order
230,0.29364998234264555,392.0,0.7063500176573545,Large first order
231,0.2928989593699022,391.0,0.7071010406300978,Large first order
232,0.29214793639715886,390.0,0.7078520636028411,Large first order
233,0.29139691342441554,389.0,0.7086030865755845,Large first order
234,0.29139691342441554,389.0,0.7086030865755845,Large first order
235,0.28989098622325576,387.0,0.7101090137767443,Large first order
236,0.28913606177996604,384.0,0.7108639382200339,Large first order
237,0.2883811373366763,383.0,0.7116188626633237,Large first order
238,0.2876262128933866,382.0,0.7123737871066134,Large first order
239,0.28687128845009685,381.0,0.7131287115499032,Large first order
240,0.28687128845009685,381.0,0.7131287115499032,Large first order
241,0.28611437212173246,379.0,0.7138856278782675,Large first order
242,0.28611437212173246,379.0,0.7138856278782675,Large first order
243,0.28611437212173246,379.0,0.7138856278782675,Large first order
244,0.2853554480577491,377.0,0.7146445519422508,Large first order
245,0.2853554480577491,377.0,0.7146445519422508,Large first order
246,0.28459246557631124,374.0,0.7154075344236888,Large first order
247,0.28459246557631124,374.0,0.7154075344236888,Large first order
248,0.2838294830948734,373.0,0.7161705169051267,Large first order
249,0.2830644440568818,371.0,0.7169355559431182,Large first order
250,0.2830644440568818,371.0,0.7169355559431182,Large first order
251,0.2815260503391814,368.0,0.7184739496608186,Large first order
252,0.2815260503391814,368.0,0.7184739496608186,Large first order
253,0.28075685348033114,366.0,0.7192431465196689,Large first order
254,0.28075685348033114,366.0,0.7192431465196689,Large first order
255,0.28075685348033114,366.0,0.7192431465196689,Large first order
256,0.28075685348033114,366.0,0.7192431465196689,Large first order
257,0.27920998376418604,363.0,0.720790016235814,Large first order
258,0.277663114048041,361.0,0.722336885951959,Large first order
259,0.2768896791899685,359.0,0.7231103208100316,Large first order
260,0.2768896791899685,359.0,0.7231103208100316,Large first order
261,0.2768896791899685,359.0,0.7231103208100316,Large first order
262,0.2761097082626728,355.0,0.7238902917373272,Large first order
263,0.27453643357171736,351.0,0.7254635664282827,Large first order
264,0.27453643357171736,351.0,0.7254635664282827,Large first order
265,0.27453643357171736,351.0,0.7254635664282827,Large first order
266,0.2737475357740975,348.0,0.7262524642259025,Large first order
267,0.2729586379764776,347.0,0.7270413620235223,Large first order
268,0.2729586379764776,347.0,0.7270413620235223,Large first order
269,0.2729586379764776,347.0,0.7270413620235223,Large first order
270,0.2729586379764776,347.0,0.7270413620235223,Large first order
271,0.2729586379764776,347.0,0.7270413620235223,Large first order
272,0.27216284019812054,343.0,0.7278371598018795,Large first order
273,0.27136704241976345,342.0,0.7286329575802366,Large first order
274,0.27057124464140636,341.0,0.7294287553585936,Large first order
275,0.27057124464140636,341.0,0.7294287553585936,Large first order
276,0.2689654805782526,337.0,0.7310345194217474,Large first order
277,0.2689654805782526,337.0,0.7310345194217474,Large first order
278,0.2689654805782526,337.0,0.7310345194217474,Large first order
279,0.2689654805782526,337.0,0.7310345194217474,Large first order
280,0.26816259854667573,335.0,0.7318374014533242,Large first order
281,0.2673597165150989,334.0,0.7326402834849011,Large first order
282,0.2673597165150989,334.0,0.7326402834849011,Large first order
283,0.2673597165150989,334.0,0.7326402834849011,Large first order
284,0.26655683448352196,333.0,0.733443165516478,Large first order
285,0.2657539524519451,332.0,0.7342460475480549,Large first order
286,0.2641433224370848,330.0,0.7358566775629152,Large first order
287,0.2641433224370848,330.0,0.7358566775629152,Large first order
288,0.2641433224370848,330.0,0.7358566775629152,Large first order
289,0.2641433224370848,330.0,0.7358566775629152,Large first order
290,0.26253269242222455,328.0,0.7374673075777755,Large first order
291,0.26253269242222455,328.0,0.7374673075777755,Large first order
292,0.26253269242222455,328.0,0.7374673075777755,Large first order
293,0.26253269242222455,328.0,0.7374673075777755,Large first order
294,0.26253269242222455,328.0,0.7374673075777755,Large first order
295,0.2601018341590558,324.0,0.7398981658409443,Large first order
296,0.25929154807133287,321.0,0.7407084519286671,Large first order
297,0.25929154807133287,321.0,0.7407084519286671,Large first order
298,0.25847872190183024,319.0,0.7415212780981697,Large first order
299,0.25847872190183024,319.0,0.7415212780981697,Large first order
300,0.25847872190183024,319.0,0.7415212780981697,Large first order
301,0.25847872190183024,319.0,0.7415212780981697,Large first order
302,0.25847872190183024,319.0,0.7415212780981697,Large first order
303,0.25847872190183024,319.0,0.7415212780981697,Large first order
304,0.25847872190183024,319.0,0.7415212780981697,Large first order
305,0.25765815453071333,315.0,0.7423418454692867,Large first order
306,0.2560170197884795,314.0,0.7439829802115205,Large first order
307,0.2560170197884795,314.0,0.7439829802115205,Large first order
308,0.2560170197884795,314.0,0.7439829802115205,Large first order
309,0.2560170197884795,314.0,0.7439829802115205,Large first order
310,0.2560170197884795,314.0,0.7439829802115205,Large first order
311,0.2560170197884795,314.0,0.7439829802115205,Large first order
312,0.2560170197884795,314.0,0.7439829802115205,Large first order
313,0.2560170197884795,314.0,0.7439829802115205,Large first order
314,0.2560170197884795,314.0,0.7439829802115205,Large first order
315,0.2560170197884795,314.0,0.7439829802115205,Large first order
316,0.2560170197884795,314.0,0.7439829802115205,Large first order
317,0.2560170197884795,314.0,0.7439829802115205,Large first order
318,0.2560170197884795,314.0,0.7439829802115205,Large first order
319,0.25517761972359926,305.0,0.7448223802764007,Large first order
320,0.25517761972359926,305.0,0.7448223802764007,Large first order
321,0.25517761972359926,305.0,0.7448223802764007,Large first order
322,0.254338219658719,304.0,0.745661780341281,Large first order
323,0.254338219658719,304.0,0.745661780341281,Large first order
324,0.254338219658719,304.0,0.745661780341281,Large first order
325,0.254338219658719,304.0,0.745661780341281,Large first order
326,0.254338219658719,304.0,0.745661780341281,Large first order
327,0.254338219658719,304.0,0.745661780341281,Large first order
328,0.25349604012342525,302.0,0.7465039598765748,Large first order
329,0.25349604012342525,302.0,0.7465039598765748,Large first order
330,0.2526538605881315,301.0,0.7473461394118686,Large first order
331,0.2526538605881315,301.0,0.7473461394118686,Large first order
332,0.2526538605881315,301.0,0.7473461394118686,Large first order
333,0.2526538605881315,301.0,0.7473461394118686,Large first order
334,0.2526538605881315,301.0,0.7473461394118686,Large first order
335,0.2526538605881315,301.0,0.7473461394118686,Large first order
336,0.2526538605881315,301.0,0.7473461394118686,Large first order
337,0.2526538605881315,301.0,0.7473461394118686,Large first order
338,0.25180030024830674,296.0,0.7481996997516933,Large first order
339,0.250946739908482,295.0,0.7490532600915181,Large first order
340,0.24923379287838995,293.0,0.75076620712161,Large first order
341,0.24752084584829792,291.0,0.7524791541517021,Large first order
342,0.2466643723332519,289.0,0.7533356276667481,Large first order
343,0.2458078988182059,288.0,0.7541921011817941,Large first order
344,0.2458078988182059,288.0,0.7541921011817941,Large first order
345,0.2458078988182059,288.0,0.7541921011817941,Large first order
346,0.2458078988182059,288.0,0.7541921011817941,Large first order
347,0.2458078988182059,288.0,0.7541921011817941,Large first order
348,0.2458078988182059,288.0,0.7541921011817941,Large first order
349,0.2449514253031599,287.0,0.7550485746968401,Large first order
350,0.24323847827306785,286.0,0.7567615217269321,Large first order
351,0.24323847827306785,286.0,0.7567615217269321,Large first order
352,0.24152553124297582,284.0,0.7584744687570242,Large first order
353,0.2398125842128838,282.0,0.7601874157871162,Large first order
354,0.2398125842128838,282.0,0.7601874157871162,Large first order
355,0.2389530409002928,279.0,0.7610469590997072,Large first order
356,0.23551486764992885,278.0,0.7644851323500712,Large first order
357,0.23465532433733785,274.0,0.7653446756626622,Large first order
358,0.23379578102474688,273.0,0.7662042189752531,Large first order
359,0.23379578102474688,273.0,0.7662042189752531,Large first order
360,0.23207035090648306,271.0,0.7679296490935169,Large first order
361,0.23034492078821925,269.0,0.7696550792117808,Large first order
362,0.22861949066995543,267.0,0.7713805093300445,Large first order
363,0.22775677561082353,265.0,0.7722432243891765,Large first order
364,0.2260313454925597,264.0,0.7739686545074402,Large first order
365,0.2251686304334278,262.0,0.7748313695665722,Large first order
