cohort,age,cohort_size,active,revenue,retention,revenue_retention,cum_revenue_per_customer,is_existing_base
2009-12,0,951,951,671416.21,1.0,1.0,706.0107360672976,True
2009-12,1,951,331,372925.47,0.3480546792849632,0.5554311386077497,1098.1510830704522,True
2009-12,2,951,317,285674.38,0.3333333333333333,0.42548031421523175,1398.544752891693,True
2009-12,3,951,402,371296.01,0.4227129337539432,0.5530042386078228,1788.971682439537,True
2009-12,4,951,359,300123.89,0.3774973711882229,0.44700125723804024,2104.5593690851733,True
2009-12,5,951,342,287699.32,0.35962145110410093,0.42849623782541685,2407.0823133543636,True
2009-12,6,951,358,297133.61,0.3764458464773922,0.44254756673211687,2719.525646687697,True
2009-12,7,951,327,307083.4,0.3438485804416404,0.4573666757315854,3042.431430073607,True
2009-12,8,951,320,314375.58,0.33648790746582546,0.4682275693045898,3373.005120925342,True
2009-12,9,951,343,365440.21,0.36067297581493163,0.5442826737829283,3757.274532071504,True
2009-12,10,951,401,446380.3,0.4216614090431125,0.664833963421884,4226.654447949527,True
2009-12,11,951,471,559443.47,0.4952681388012618,0.8332290190014924,4814.923080967403,True
2009-12,12,951,358,336097.61,0.3764458464773922,0.5005801245102498,5168.338023133543,True
2009-12,13,951,267,223935.1,0.2807570977917981,0.3335265021379213,5403.811314405888,True
2009-12,14,951,232,212447.64,0.24395373291272346,0.3164172041661014,5627.205257623555,True
2009-12,15,951,286,245971.87,0.3007360672975815,0.36634782767607,5885.850757097792,True
2009-12,16,951,247,155830.54,0.259726603575184,0.23209231126546678,6049.710420609885,True
2009-12,17,951,288,271425.47,0.3028391167192429,0.4042581426504433,6335.121009463723,True
2009-12,18,951,269,274690.28,0.28286014721345953,0.4091207151522303,6623.964626708728,True
2009-12,19,951,245,249677.38,0.2576235541535226,0.37186677396424495,6886.506561514196,True
2009-12,20,951,242,261666.65,0.2544689800210305,0.38972346229174304,7161.655509989484,True
2009-12,21,951,298,370731.05,0.31335436382754994,0.552162793329044,7551.488370136698,True
2009-12,22,951,289,386368.33,0.3038906414300736,0.57545278807016,7957.76421661409,True
2009-12,23,951,386,433360.75,0.4058885383806519,0.6454427872690176,8413.453753943217,True
2010-01,0,366,366,156681.98,1.0,1.0,428.09284153005467,False
2010-01,1,366,77,37994.76,0.2103825136612022,0.24249604198261981,531.9036612021858,False
2010-01,2,366,116,48016.41,0.31693989071038253,0.30645776878745085,663.0960382513662,False
2010-01,3,366,116,55810.71,0.31693989071038253,0.3562037574454956,815.5843169398906,False
2010-01,4,366,99,56336.07,0.27049180327868855,0.3595567914063889,969.5080054644809,False
2010-01,5,366,114,59333.92,0.3114754098360656,0.3786901339898819,1131.6225409836065,False
2010-01,6,366,98,49872.6,0.2677595628415301,0.3183046320961734,1267.886475409836,False
2010-01,7,366,86,45247.67,0.23497267759562843,0.2887866875310102,1391.5139890710382,False
2010-01,8,366,105,57867.12,0.28688524590163933,0.3693284958487249,1549.6208743169398,False
2010-01,9,366,119,70741.97,0.3251366120218579,0.451500357603344,1742.904945355191,False
2010-01,10,366,112,73879.52,0.30601092896174864,0.47152531516387525,1944.761557377049,False
2010-01,11,366,63,33857.33,0.1721311475409836,0.21608949542251124,2037.267923497268,False
2010-01,12,366,84,41416.03,0.22950819672131148,0.26433180127031836,2150.4264754098363,False
2010-01,13,366,66,33251.56,0.18032786885245902,0.2122232563055432,2241.277732240437,False
2010-01,14,366,71,47763.36,0.19398907103825136,0.30484271388451945,2371.7787158469946,False
2010-01,15,366,56,30225.09,0.15300546448087432,0.19290725072532272,2454.3609289617484,False
2010-01,16,366,88,49047.71,0.24043715846994534,0.31303989137742577,2588.3710655737705,False
2010-01,17,366,75,38865.32,0.20491803278688525,0.24805226484883583,2694.5604644808745,False
2010-01,18,366,71,47110.33,0.19398907103825136,0.3006748446758204,2823.2772131147544,False
2010-01,19,366,74,41742.12,0.20218579234972678,0.266413023373843,2937.3267213114755,False
2010-01,20,366,91,58355.29,0.24863387978142076,0.3724441700315505,3096.767404371585,False
2010-01,21,366,73,57006.8,0.1994535519125683,0.36383762829650224,3252.52368852459,False
2010-01,22,366,93,56257.14,0.2540983606557377,0.35905303213553974,3406.2317213114757,False
2010-02,0,374,374,165181.06,1.0,1.0,441.6605882352941,False
2010-02,1,374,88,32317.13,0.23529411764705882,0.19564670428922057,528.070026737968,False
2010-02,2,374,85,52538.42,0.22727272727272727,0.3180656426348154,668.5470855614973,False
2010-02,3,374,110,53049.4,0.29411764705882354,0.32115909656954617,810.3904010695187,False
2010-02,4,374,92,42634.47,0.24598930481283424,0.2581074973123432,924.3863101604278,False
2010-02,5,374,73,38834.5,0.19518716577540107,0.2351026201187957,1028.221871657754,False
2010-02,6,374,72,37349.54,0.1925133689839572,0.2261127274519246,1128.086951871658,False
2010-02,7,374,108,51824.53,0.2887700534759358,0.31374377909912915,1266.6552139037433,False
2010-02,8,374,96,52272.33,0.25668449197860965,0.316454743661289,1406.4208021390375,False
2010-02,9,374,104,53740.68,0.27807486631016043,0.3253440800052984,1550.1124598930483,False
2010-02,10,374,43,24065.37,0.11497326203208556,0.1456908558402519,1614.4583689839574,False
2010-02,11,374,47,18278.07,0.12566844919786097,0.1106547566652012,1663.3302139037432,False
2010-02,12,374,56,26875.81,0.1497326203208556,0.16270515517941345,1735.190668449198,False
2010-02,13,374,66,34816.56,0.17647058823529413,0.21077816064384136,1828.2830748663102,False
2010-02,14,374,46,20205.58,0.12299465240641712,0.12232383058929397,1882.308689839572,False
2010-02,15,374,75,37178.48,0.20053475935828877,0.2250771365675944,1981.7163903743317,False
2010-02,16,374,60,27884.22,0.16042780748663102,0.16881003185232013,2056.273128342246,False
2010-02,17,374,61,32012.210000000003,0.16310160427807488,0.19380072993840822,2141.867272727273,False
2010-02,18,374,54,25002.9,0.1443850267379679,0.15136662762667827,2208.719946524064,False
2010-02,19,374,86,44060.6,0.22994652406417113,0.2667412353450208,2326.529037433155,False
2010-02,20,374,86,44709.58,0.22994652406417113,0.2706701361524136,2446.0733689839576,False
2010-02,21,374,62,38604.95,0.1657754010695187,0.2337129329476394,2549.2951604278073,False
2010-03,0,441,441,206869.0,1.0,1.0,469.0907029478458,False
2010-03,1,441,83,48613.79,0.18820861678004536,0.23499794555975037,579.3260544217687,False
2010-03,2,441,102,50844.23,0.23129251700680273,0.24577984134887298,694.6190929705216,False
2010-03,3,441,107,53606.32,0.24263038548752835,0.2591317210408519,816.1753741496599,False
2010-03,4,441,101,49210.33,0.2290249433106576,0.23788160623389681,927.7634240362811,False
2010-03,5,441,89,53512.15,0.2018140589569161,0.25867650542130527,1049.1061678004535,False
2010-03,6,441,107,64066.61,0.24263038548752835,0.3096965229203022,1194.381927437642,False
2010-03,7,441,136,80979.15,0.30839002267573695,0.39145135327187736,1378.0081179138322,False
2010-03,8,441,122,75454.27,0.2766439909297052,0.36474421010397884,1549.1062358276642,False
2010-03,9,441,48,20657.28,0.10884353741496598,0.09985681759954367,1595.9481405895692,False
2010-03,10,441,50,23688.02,0.11337868480725624,0.11450734522813955,1649.6624716553288,False
2010-03,11,441,64,31076.95,0.14512471655328799,0.15022526333090022,1720.131746031746,False
2010-03,12,441,88,42976.69,0.19954648526077098,0.20774833348640928,1817.5845578231294,False
2010-03,13,441,72,41509.27,0.16326530612244897,0.20065485887203977,1911.7098866213153,False
2010-03,14,441,87,46475.28,0.19727891156462585,0.22466043728156465,2017.0960090702947,False
2010-03,15,441,75,31176.26,0.17006802721088435,0.15070532559252472,2087.790476190476,False
2010-03,16,441,77,42221.340000000004,0.1746031746031746,0.2040969889156906,2183.530476190476,False
2010-03,17,441,68,49361.01,0.15419501133786848,0.23860998989698795,2295.4602040816326,False
2010-03,18,441,78,46993.47,0.17687074829931973,0.22716535585322112,2402.0213605442177,False
2010-03,19,441,90,57991.2,0.20408163265306123,0.2803281303626933,2533.520680272109,False
2010-03,20,441,92,60115.35,0.20861678004535147,0.2905962227303269,2669.8366666666666,False
2010-04,0,294,294,121284.91,1.0,1.0,412.53370748299324,False
2010-04,1,294,56,18485.64,0.19047619047619047,0.15241500364719732,475.4100340136054,False
2010-04,2,294,56,20326.48,0.19047619047619047,0.16759281925509117,544.5477210884354,False
2010-04,3,294,47,23473.16,0.1598639455782313,0.19353734937017308,624.3884013605442,False
2010-04,4,294,54,22007.15,0.1836734693877551,0.18145002539887278,699.2426530612245,False
2010-04,5,294,65,30024.21,0.22108843537414966,0.24755107622209555,801.3658163265305,False
2010-04,6,294,81,34263.0,0.2755102040816326,0.28250010656725555,917.9066326530611,False
2010-04,7,294,78,32430.9,0.2653061224489796,0.26739435268575457,1028.2158163265306,False
2010-04,8,294,32,10228.17,0.10884353741496598,0.08433176064524432,1063.0055102040817,False
2010-04,9,294,32,17290.78,0.10884353741496598,0.14256332465432014,1121.81768707483,False
2010-04,10,294,22,6382.64,0.07482993197278912,0.052625178185810584,1143.5273469387755,False
2010-04,11,294,41,16761.78,0.13945578231292516,0.13820169384633255,1200.5402040816327,False
2010-04,12,294,42,15685.61,0.14285714285714285,0.12932861969390916,1253.892619047619,False
2010-04,13,294,46,22177.29,0.1564625850340136,0.1828528379993851,1329.3255782312924,False
2010-04,14,294,46,16442.36,0.1564625850340136,0.13556806036299157,1385.2519727891156,False
2010-04,15,294,46,21669.99,0.1564625850340136,0.17867012475006167,1458.9594217687074,False
2010-04,16,294,42,17909.86,0.14285714285714285,0.14766766945698356,1519.8773129251701,False
2010-04,17,294,44,19255.93,0.14965986394557823,0.15876608227684713,1585.3736734693878,False
2010-04,18,294,52,24894.11,0.17687074829931973,0.20525315144315975,1670.0475170068028,False
2010-04,19,294,68,29532.18,0.23129251700680273,0.24349426486773992,1770.4971088435375,False
2010-05,0,253,253,108547.5,1.0,1.0,429.04150197628456,False
2010-05,1,253,39,13266.0,0.1541501976284585,0.12221377737856699,481.47628458498025,False
2010-05,2,253,43,13854.35,0.16996047430830039,0.12763398512172092,536.2365612648222,False
2010-05,3,253,45,12800.56,0.17786561264822134,0.11792588498122941,586.8316600790514,False
2010-05,4,253,45,16501.81,0.17786561264822134,0.15202386052189135,652.0562055335969,False
2010-05,5,253,65,30641.11,0.25691699604743085,0.2822829636794952,773.1673122529645,False
2010-05,6,253,54,22877.7,0.2134387351778656,0.210762108754232,863.5930039525691,False
2010-05,7,253,32,8597.53,0.12648221343873517,0.07920523273221401,897.5753359683795,False
2010-05,8,253,15,5833.67,0.05928853754940711,0.05374301573044059,920.6333201581028,False
2010-05,9,253,21,6998.61,0.08300395256916997,0.06447509154978236,948.2958102766798,False
2010-05,10,253,29,9233.23,0.11462450592885376,0.08506165503581381,984.790790513834,False
2010-05,11,253,34,12769.16,0.13438735177865613,0.11763661070038463,1035.2617786561266,False
2010-05,12,253,39,17182.58,0.1541501976284585,0.1582954927566273,1103.177114624506,False
2010-05,13,253,39,17986.719999999998,0.1541501976284585,0.16570367811326836,1174.2708695652175,False
2010-05,14,253,25,9613.14,0.09881422924901186,0.08856159745733434,1212.2674703557311,False
2010-05,15,253,32,14541.35,0.12648221343873517,0.13396301158479007,1269.7431620553361,False
2010-05,16,253,35,22033.15,0.1383399209486166,0.20298164398074578,1356.8307114624506,False
2010-05,17,253,41,17300.12,0.16205533596837945,0.15937833667288515,1425.210632411067,False
2010-05,18,253,39,15105.98,0.1541501976284585,0.13916469748266888,1484.918063241107,False
2010-06,0,267,267,123257.51,1.0,1.0,461.6386142322097,False
2010-06,1,267,47,15897.87,0.1760299625468165,0.1289809440414625,521.1811985018727,False
2010-06,2,267,50,22009.86,0.18726591760299627,0.1785681050996406,603.6151310861422,False
2010-06,3,267,55,25305.31,0.20599250936329588,0.2053044070093579,698.3915730337078,False
2010-06,4,267,62,34630.2,0.23220973782771537,0.2809581339100555,828.0926966292135,False
2010-06,5,267,76,47177.46,0.2846441947565543,0.3827552576715204,1004.7873033707866,False
2010-06,6,267,34,15301.310000000001,0.12734082397003746,0.12414099554664054,1062.0955805243445,False
2010-06,7,267,24,16990.73,0.0898876404494382,0.13784742203537942,1125.7312734082398,False
2010-06,8,267,22,23406.920000000002,0.08239700374531835,0.18990258686874337,1213.397640449438,False
2010-06,9,267,30,28057.82,0.11235955056179775,0.2276357846268353,1318.4831086142322,False
2010-06,10,267,28,11617.97,0.10486891385767791,0.09425770486520456,1361.996104868914,False
2010-06,11,267,37,29774.13,0.13857677902621723,0.2415603722645379,1473.509700374532,False
2010-06,12,267,40,39971.93,0.149812734082397,0.3242961017142079,1623.2173033707866,False
2010-06,13,267,33,15878.85,0.12359550561797752,0.12882663295729405,1682.6886516853933,False
2010-06,14,267,30,45561.64,0.11235955056179775,0.3696459550416036,1853.3314981273409,False
2010-06,15,267,33,18456.97,0.12359550561797752,0.1497431677793913,1922.4587265917603,False
2010-06,16,267,35,34725.06,0.13108614232209737,0.28172774218787966,2052.5151310861424,False
2010-06,17,267,53,27224.46,0.19850187265917604,0.22087465502102063,2154.4794007490636,False
2010-07,0,186,186,70792.86,1.0,1.0,380.6067741935484,False
2010-07,1,186,29,8168.35,0.15591397849462366,0.1153838113052644,424.5226344086022,False
2010-07,2,186,34,13307.0,0.1827956989247312,0.18797093379191065,496.0656451612904,False
2010-07,3,186,55,24135.38,0.2956989247311828,0.3409295796214477,625.825752688172,False
2010-07,4,186,54,27749.8,0.2903225806451613,0.39198585846086736,775.0182258064517,False
2010-07,5,186,26,12451.25,0.13978494623655913,0.17588285033264653,841.9604301075269,False
2010-07,6,186,21,8691.2,0.11290322580645161,0.12276944313310693,888.6873118279569,False
2010-07,7,186,28,10293.65,0.15053763440860216,0.1454052004679568,944.0295161290322,False
2010-07,8,186,28,9841.65,0.15053763440860216,0.13902037578365953,996.9416129032259,False
2010-07,9,186,21,9668.6,0.11290322580645161,0.13657592022698334,1048.9233333333332,False
2010-07,10,186,25,8871.59,0.13440860215053763,0.1253175814623113,1096.6200537634409,False
2010-07,11,186,27,12444.86,0.14516129032258066,0.17579258699253003,1163.5279032258065,False
2010-07,12,186,24,11920.58,0.12903225806451613,0.16838675538747833,1227.6170430107527,False
2010-07,13,186,24,14020.98,0.12903225806451613,0.19805641416380126,1302.9986559139784,False
2010-07,14,186,35,15261.04,0.1881720430107527,0.21557315243373415,1385.0472580645162,False
2010-07,15,186,32,15290.59,0.17204301075268819,0.21599056741032924,1467.2547311827957,False
2010-07,16,186,43,21789.09,0.23118279569892472,0.3077865479654304,1584.4003763440862,False
2010-08,0,162,162,59830.73,1.0,1.0,369.3254938271605,False
2010-08,1,162,32,11180.59,0.19753086419753085,0.18687035909473276,438.34148148148154,False
2010-08,2,162,47,18869.18,0.29012345679012347,0.3153760617662529,554.8179012345679,False
2010-08,3,162,53,23436.17,0.3271604938271605,0.39170790662256666,699.4856172839507,False
2010-08,4,162,27,14007.68,0.16666666666666666,0.23412183003617038,785.9527777777778,False
2010-08,5,162,19,5409.89,0.11728395061728394,0.09041992300612077,819.3471604938271,False
2010-08,6,162,16,5086.38,0.09876543209876543,0.08501283537740556,850.7445679012345,False
2010-08,7,162,21,7492.19,0.12962962962962962,0.12522310859319283,896.9926543209876,False
2010-08,8,162,22,9620.13,0.13580246913580246,0.16078911288563583,956.3761728395062,False
2010-08,9,162,20,9611.36,0.12345679012345678,0.1606425326918124,1015.7055555555555,False
2010-08,10,162,21,7115.49,0.12962962962962962,0.11892701292462919,1059.6283333333333,False
2010-08,11,162,19,6857.0,0.11728395061728394,0.11460665781614231,1101.9554938271606,False
2010-08,12,162,24,10094.42,0.14814814814814814,0.16871631016369013,1164.2667283950616,False
2010-08,13,162,28,12296.0,0.1728395061728395,0.20551312009731454,1240.167962962963,False
2010-08,14,162,28,14526.66,0.1728395061728395,0.24279596789141633,1329.8387037037037,False
2010-08,15,162,32,17276.52,0.19753086419753085,0.288756630580974,1436.483888888889,False
2010-09,0,235,235,155037.11000000002,1.0,1.0,659.7323829787234,False
2010-09,1,235,55,26509.07,0.23404255319148937,0.17098532086930668,772.5369361702128,False
2010-09,2,235,55,30042.5,0.23404255319148937,0.19377618687551643,900.3773617021277,False
2010-09,3,235,31,11927.98,0.13191489361702127,0.0769362896405899,951.1347234042553,False
2010-09,4,235,21,25224.54,0.08936170212765958,0.1627000142095012,1058.4731914893619,False
2010-09,5,235,24,8049.96,0.10212765957446808,0.05192279448449471,1092.728340425532,False
2010-09,6,235,32,24998.55,0.13617021276595745,0.1612423631993656,1199.1051489361703,False
2010-09,7,235,22,9970.46,0.09361702127659574,0.06431015129216482,1241.5326382978726,False
2010-09,8,235,30,29184.649999999998,0.1276595744680851,0.18824299549959359,1365.7226382978724,False
2010-09,9,235,31,14153.73,0.13191489361702127,0.09129252989816437,1425.9512765957447,False
2010-09,10,235,29,19946.61,0.12340425531914893,0.12865700347484546,1510.8304680851065,False
2010-09,11,235,24,26367.46,0.10212765957446808,0.1700719266503355,1623.032425531915,False
2010-09,12,235,53,101832.74,0.225531914893617,0.6568281619800576,2056.3632340425534,False
2010-09,13,235,39,29269.91,0.16595744680851063,0.1887929283511541,2180.9160425531913,False
2010-09,14,235,40,46636.67,0.1702127659574468,0.30080972226584973,2379.3699574468087,False
2010-10,0,369,369,164874.16,1.0,1.0,446.8134417344174,False
2010-10,1,369,95,41112.87,0.25745257452574527,0.24935908695455977,558.230433604336,False
2010-10,2,369,55,18243.79,0.14905149051490515,0.11065281545634562,607.6715989159892,False
2010-10,3,369,46,23333.69,0.12466124661246612,0.14152423884979914,670.9065311653117,False
2010-10,4,369,33,12435.04,0.08943089430894309,0.07542140017574617,704.6058265582657,False
2010-10,5,369,31,10702.98,0.08401084010840108,0.06491605476564671,733.6111924119242,False
2010-10,6,369,49,17506.75,0.13279132791327913,0.10618249700256244,781.0549593495936,False
2010-10,7,369,51,15780.48,0.13821138211382114,0.09571226928464714,823.8204878048781,False
2010-10,8,369,40,21963.58,0.10840108401084012,0.13321420409359477,883.3423848238483,False
2010-10,9,369,35,19427.79,0.0948509485094851,0.11783404992025434,935.9922222222223,False
2010-10,10,369,39,13466.34,0.10569105691056911,0.08167647374215584,972.4863685636857,False
2010-10,11,369,48,20894.78,0.13008130081300814,0.12673168433428258,1029.111788617886,False
2010-10,12,369,71,46065.93,0.19241192411924118,0.2794005440270325,1153.9517073170732,False
2010-10,13,369,87,55976.61,0.23577235772357724,0.3395111156290349,1305.649837398374,False
2010-11,0,328,328,153873.0,1.0,1.0,469.125,False
2010-11,1,328,57,24561.41,0.17378048780487804,0.15962131108121633,544.0073475609756,False
2010-11,2,328,31,14765.85,0.09451219512195122,0.09596127975668246,589.0251829268293,False
2010-11,3,328,31,9538.26,0.09451219512195122,0.061987873116141234,618.105243902439,False
2010-11,4,328,26,9479.710000000001,0.07926829268292683,0.061607364514892154,647.0067987804879,False
2010-11,5,328,28,10723.2,0.08536585365853659,0.06968863933243649,679.6994817073171,False
2010-11,6,328,43,15318.57,0.13109756097560976,0.09955333294340138,726.4024390243902,False
2010-11,7,328,32,11306.37,0.0975609756097561,0.07347858298726873,760.8730792682927,False
2010-11,8,328,28,9428.54,0.08536585365853659,0.06127481754433852,789.6186280487805,False
2010-11,9,328,31,11396.07,0.09451219512195122,0.07406153126279465,824.362743902439,False
2010-11,10,328,37,15540.25,0.11280487804878049,0.10099400154673009,871.7415548780488,False
2010-11,11,328,48,19890.31,0.14634146341463414,0.12926445835201758,932.382743902439,False
2010-11,12,328,82,39681.27,0.25,0.25788325437211207,1053.362225609756,False
2010-12,0,77,77,26636.22,1.0,1.0,345.9249350649351,False
2010-12,1,77,7,2085.42,0.09090909090909091,0.07829264062243066,373.00831168831166,False
2010-12,2,77,4,7007.2699999999995,0.05194805194805195,0.26307298858471656,464.0118181818182,False
2010-12,3,77,7,1371.48,0.09090909090909091,0.05148928789445349,481.82324675324674,False
2010-12,4,77,9,5981.120000000001,0.11688311688311688,0.2245483781107079,559.5001298701299,False
2010-12,5,77,5,1065.3600000000001,0.06493506493506493,0.03999666619362657,573.3359740259741,False
2010-12,6,77,4,683.17,0.05194805194805195,0.025648158785293106,582.2083116883117,False
2010-12,7,77,7,4848.9400000000005,0.09090909090909091,0.18204309770680677,645.1815584415585,False
2010-12,8,77,4,600.24,0.05194805194805195,0.022534729026866426,652.9768831168832,False
2010-12,9,77,3,599.19,0.03896103896103896,0.022495309019072526,660.7585714285715,False
2010-12,10,77,7,1586.54,0.09090909090909091,0.05956325634793525,681.3629870129871,False
2010-12,11,77,15,8426.769999999999,0.19480519480519481,0.316365084835611,790.8015584415584,False
2011-01,0,73,73,30559.66,1.0,1.0,418.6254794520548,False
2011-01,1,73,11,3682.43,0.1506849315068493,0.12049970451241931,469.0697260273972,False
2011-01,2,73,16,4137.8,0.2191780821917808,0.13540072108132092,525.7519178082192,False
2011-01,3,73,14,26374.23,0.1917808219178082,0.8630406882799089,887.0427397260273,False
2011-01,4,73,16,8218.18,0.2191780821917808,0.2689224945565494,999.6205479452055,False
2011-01,5,73,10,6301.91,0.136986301369863,0.20621662675566416,1085.9480821917807,False
2011-01,6,73,11,4904.55,0.1506849315068493,0.1604909871379459,1153.133698630137,False
2011-01,7,73,9,5382.7699999999995,0.1232876712328767,0.17613972144978052,1226.8702739726027,False
2011-01,8,73,8,4493.94,0.1095890410958904,0.147054646550387,1288.431095890411,False
2011-01,9,73,15,11216.17,0.2054794520547945,0.36702535303076017,1442.0772602739726,False
2011-01,10,73,18,10356.34,0.2465753424657534,0.3388892415687871,1583.9449315068493,False
2011-02,0,126,126,42914.03,1.0,1.0,340.58753968253967,False
2011-02,1,126,20,8235.19,0.15873015873015872,0.19189971205221232,405.9461904761905,False
2011-02,2,126,21,17049.28,0.16666666666666666,0.3972891849122536,541.2579365079365,False
2011-02,3,126,24,10531.73,0.19047619047619047,0.24541461149185942,624.8430952380952,False
2011-02,4,126,27,9229.11,0.21428571428571427,0.2150604359460065,698.0899999999999,False
2011-02,5,126,20,5704.6,0.15873015873015872,0.13293088530720606,743.3646031746032,False
2011-02,6,126,20,8098.38,0.15873015873015872,0.18871171036605044,807.6374603174604,False
2011-02,7,126,19,10629.06,0.15079365079365079,0.24768263432728177,891.9950793650794,False
2011-02,8,126,19,10917.28,0.15079365079365079,0.25439885277612007,978.6401587301588,False
2011-02,9,126,23,12497.11,0.18253968253968253,0.2912126873192753,1077.8235714285713,False
2011-03,0,178,178,74106.19,1.0,1.0,416.32691011235954,False
2011-03,1,178,32,14329.61,0.1797752808988764,0.19336589831429737,496.8303370786517,False
2011-03,2,178,38,19391.66,0.21348314606741572,0.26167395733068993,605.7722471910113,False
2011-03,3,178,34,15960.86,0.19101123595505617,0.2153782295379104,695.44,False
2011-03,4,178,40,15877.36,0.2247191011235955,0.2142514680622496,784.6386516853933,False
2011-03,5,178,27,10625.37,0.15168539325842698,0.1433803303070904,844.3317415730338,False
2011-03,6,178,37,15407.15,0.20786516853932585,0.2079063840685913,930.8887640449439,False
2011-03,7,178,36,17554.78,0.20224719101123595,0.23688682416408127,1029.5111235955058,False
2011-03,8,178,43,21447.079999999998,0.24157303370786518,0.2894101019091657,1150.0003370786517,False
2011-04,0,106,106,39575.23,1.0,1.0,373.35122641509435,False
2011-04,1,106,26,12677.19,0.24528301886792453,0.32033142953306903,492.9473584905661,False
2011-04,2,106,21,7361.2,0.19811320754716982,0.18600523610349198,562.392641509434,False
2011-04,3,106,21,7138.89,0.19811320754716982,0.18038783350090448,629.7406603773586,False
2011-04,4,106,19,5677.83,0.1792452830188679,0.14346928621766694,683.3050943396227,False
2011-04,5,106,25,10738.64,0.2358490566037736,0.27134750701385685,784.6130188679247,False
2011-04,6,106,19,5793.78,0.1792452830188679,0.14639914916476796,839.2713207547171,False
2011-04,7,106,27,11220.43,0.25471698113207547,0.28352153607193187,945.1244339622642,False
2011-05,0,113,113,48147.06,1.0,1.0,426.08017699115044,False
2011-05,1,113,27,9074.62,0.23893805309734514,0.188477136506362,506.3865486725664,False
2011-05,2,113,27,10112.79,0.23893805309734514,0.2100396161260937,595.8802654867256,False
2011-05,3,113,18,6436.24,0.1592920353982301,0.13367877498646855,652.8381415929202,False
2011-05,4,113,24,10305.66,0.21238938053097345,0.21404546819681203,744.0386725663716,False
2011-05,5,113,23,10170.41,0.20353982300884957,0.21123636624956957,834.0423008849557,False
2011-05,6,113,29,13940.7,0.25663716814159293,0.28954415908261066,957.4113274336282,False
2011-06,0,108,108,81863.13,1.0,1.0,757.9919444444445,False
2011-06,1,108,25,9472.32,0.23148148148148148,0.11570923320425201,845.6986111111112,False
2011-06,2,108,23,7164.26,0.21296296296296297,0.08751509989906323,912.034351851852,False
2011-06,3,108,29,10634.53,0.26851851851851855,0.1299062227403228,1010.5022222222223,False
2011-06,4,108,22,9341.630000000001,0.2037037037037037,0.1141127880158015,1096.9987962962964,False
2011-06,5,108,30,12522.34,0.2777777777777778,0.15296678736813507,1212.946388888889,False
2011-07,0,101,101,42293.06,1.0,1.0,418.74316831683166,False
2011-07,1,101,21,7244.31,0.2079207920792079,0.17128838632153834,490.46900990099005,False
2011-07,2,101,30,11107.05,0.297029702970297,0.2626211014289342,600.439801980198,False
2011-07,3,101,28,12013.5,0.27722772277227725,0.28405369580730266,719.3853465346534,False
2011-07,4,101,35,14203.69,0.3465346534653465,0.3358397335165628,860.0159405940594,False
2011-08,0,108,108,44277.52,1.0,1.0,409.977037037037,False
2011-08,1,108,28,16840.74,0.25925925925925924,0.3803451503155552,565.9098148148148,False
2011-08,2,108,31,27559.45,0.28703703703703703,0.6224253300546192,821.0899074074073,False
2011-08,3,108,29,34518.29,0.26851851851851855,0.7795895072714101,1140.7037037037037,False
2011-09,0,185,185,91624.83,1.0,1.0,495.26935135135136,False
2011-09,1,185,51,19052.15,0.2756756756756757,0.20793653859985334,598.253945945946,False
2011-09,2,185,71,30380.68,0.3837837837837838,0.33157693171163316,762.4738378378379,False
2011-10,0,221,221,95965.22,1.0,1.0,434.23176470588237,False
2011-10,1,221,70,33130.9,0.3167420814479638,0.3452386187412481,584.1453393665158,False
2011-11,0,190,190,79469.59,1.0,1.0,418.26099999999997,False
