segment,customers,revenue,median_recency_days,median_purchase_days,median_revenue,share_customers,share_revenue,revenue_per_customer
Champions,868,8681569.53,9.0,10.0,3655.035,0.1486555917109094,0.5254245718212586,10001.808214285713
Loyal,1270,4951318.09,53.0,7.0,2354.12,0.21750299708854257,0.29966288680856784,3898.6756614173228
Potential loyalists,677,423506.11,25.0,2.0,536.99,0.11594451104641205,0.02563136950542131,625.5629394387001
New,25,4273.49,11.0,1.0,171.42000000000002,0.004281555060798082,0.0002586394828346701,170.93959999999998
Promising,70,11302.39,36.5,1.0,153.19,0.01198835417023463,0.0006840414519270543,161.46271428571427
Need attention,500,355426.27,97.0,2.0,523.0,0.08563110121596164,0.021511052245039963,710.8525400000001
About to sleep,93,14743.53,107.0,1.0,156.57999999999998,0.015927384826168865,0.0008923055803002802,158.5325806451613
At risk,859,1025971.87,381.0,3.0,920.71,0.1471142318890221,0.06209370651615411,1194.3793597206054
Can't lose them,103,671466.3099999999,309.0,9.0,3802.04,0.017640006850488096,0.040638377335457505,6519.090388349514
Hibernating,550,162293.52,314.0,1.0,253.805,0.0941942113375578,0.009822302633261852,295.07912727272725
Lost,824,221089.55,557.0,1.0,225.79500000000002,0.14112005480390477,0.013380746619776797,268.31256067961164
