decile,customers,predicted,actual,predicted_per_customer,actual_per_customer,share_of_actual
1,495,2232709.7061186233,2707815.48,4510.524658825501,5470.334303030303,0.6340408191403706
2,494,546134.4749294675,549174.9400000001,1105.535374351149,1111.69016194332,0.1285904934737148
3,494,347392.3229489802,306934.1,703.2233258076523,621.3240890688259,0.07186927972880648
4,494,255106.197416217,200879.41,516.4093065105608,406.6384817813765,0.04703634594216677
5,494,195441.17872527588,140285.96,395.62991644792686,283.9796761133603,0.0328482592884406
6,494,153289.03179807236,120933.87,310.30168380176593,244.8054048582996,0.028316925788685974
7,494,115623.61410965036,82350.81,234.05589900738937,166.70204453441295,0.019282619297705257
8,494,89803.94054457979,90645.88,181.78935332910888,183.4936842105263,0.02122492778086184
9,494,68198.8624994181,43327.1,138.05437752918644,87.70668016194331,0.01014513366138846
10,495,45032.4980537713,28379.82,90.97474354297232,57.3329696969697,0.006645195897859433
