,r,alpha,a,b,p,q,gamma,converged
"Jun to Dec 2011 (busy season) | BG/NBD + Gamma-Gamma, seasonal clock",0.6828693071450894,9.382372348522338,0.13318307959600922,3.0095696613974674,2.40658567070401,3.5462684468537304,419.90638471297547,True
"Jun to Dec 2011 (busy season) | MBG/NBD + Gamma-Gamma, seasonal clock",0.72793096378523,9.818546727617107,0.19225845255756233,5.682575096745473,2.40658567070401,3.5462684468537304,419.90638471297547,True
"Jun to Dec 2011 (busy season) | BG/NBD + Gamma-Gamma, calendar clock",0.6832163834791293,9.550938642945107,0.15309247507217455,3.2477741656626935,2.40658567070401,3.5462684468537304,419.90638471297547,True
"Jun to Dec 2011 (busy season) | MBG/NBD + Gamma-Gamma, calendar clock",0.734170356076218,10.042260675325847,0.2149386163933812,5.748272406369664,2.40658567070401,3.5462684468537304,419.90638471297547,True
"Dec 2010 to Jun 2011 (quiet season) | BG/NBD + Gamma-Gamma, seasonal clock",0.8590018165709616,10.486923476299141,0.1610355609099985,40.45586322887585,2.2345264350912415,3.6423735678810902,488.8250462306814,True
"Dec 2010 to Jun 2011 (quiet season) | MBG/NBD + Gamma-Gamma, seasonal clock",0.8651452126479671,10.552440492100398,0.276386792139454,90.58120089222149,2.2345264350912415,3.6423735678810902,488.8250462306814,True
"Dec 2010 to Jun 2011 (quiet season) | BG/NBD + Gamma-Gamma, calendar clock",0.885186358565206,10.439618742071556,0.16342425271929636,86.99506018620127,2.2345264350912415,3.6423735678810902,488.8250462306814,True
"Dec 2010 to Jun 2011 (quiet season) | MBG/NBD + Gamma-Gamma, calendar clock",0.8885016060180376,10.472870212596407,0.29333606398304374,192.48880801370066,2.2345264350912415,3.6423735678810902,488.8250462306814,True
forecast,0.739584684230238,10.008934921680893,0.1776820673747481,3.562205588678025,2.1962229054987805,3.600577196374856,462.87383653407034,
