method,predicted_total,actual_total,total_error_pct,mae,spearman,top10_capture,fold,target
"MBG/NBD + Gamma-Gamma, seasonal clock",4048731.8271440556,4270727.37,-0.0519807338710887,560.1461333844494,0.6262195890840073,0.6334780110302382,Jun to Dec 2011 (busy season),revenue
"BG/NBD + Gamma-Gamma, seasonal clock",4051008.840926519,4270727.37,-0.05144756619607893,558.0328294038186,0.6258101749221101,0.6343222864165174,Jun to Dec 2011 (busy season),revenue
"BG/NBD + Gamma-Gamma, calendar clock",3570312.627661395,4270727.37,-0.1640036185074032,558.4639970386309,0.6258887407555896,0.6356708904132178,Jun to Dec 2011 (busy season),revenue
"MBG/NBD + Gamma-Gamma, calendar clock",3569849.21017707,4270727.37,-0.1641121287081666,561.1243700161923,0.626789775243659,0.6342703631770341,Jun to Dec 2011 (busy season),revenue
Same as last 26 weeks,3051797.88,4270727.37,-0.28541496199510397,557.9565378389316,0.5708017246631643,0.6172406528492593,Jun to Dec 2011 (busy season),revenue
Historical average rate,6811951.064047875,4270727.37,0.5950329941215318,971.1065256722756,0.5775113179344529,0.5960674047896437,Jun to Dec 2011 (busy season),revenue
"MBG/NBD + Gamma-Gamma, seasonal clock",8566.324270430283,7702.0,0.11222075700211409,1.0746262359998533,0.6232924022130775,0.43443261490521945,Jun to Dec 2011 (busy season),purchases
"BG/NBD + Gamma-Gamma, seasonal clock",8540.370131201083,7702.0,0.10885096484044188,1.0724644447741123,0.6234343687332905,0.4340431056868346,Jun to Dec 2011 (busy season),purchases
"BG/NBD + Gamma-Gamma, calendar clock",7525.547244110308,7702.0,-0.022909991676147934,1.0390152626350513,0.6241948398041035,0.43495196052973256,Jun to Dec 2011 (busy season),purchases
"MBG/NBD + Gamma-Gamma, calendar clock",7551.482063157824,7702.0,-0.019542707977431295,1.0421147827342276,0.6241462398993297,0.43326408725006493,Jun to Dec 2011 (busy season),purchases
Same as last 26 weeks,6425.0,7702.0,-0.1658010906258115,1.0006070416835289,0.5678342696532294,0.42391586600882886,Jun to Dec 2011 (busy season),purchases
Historical average rate,13032.105107395695,7702.0,0.6920416914302383,1.6831355456154522,0.5623946872534229,0.3850947805764736,Jun to Dec 2011 (busy season),purchases
"MBG/NBD + Gamma-Gamma, seasonal clock",3910763.720697253,2588777.3899999997,0.5106604900845697,600.9279792571085,0.5455684907614561,0.6135852183103315,Dec 2010 to Jun 2011 (quiet season),revenue
"BG/NBD + Gamma-Gamma, seasonal clock",3904914.683586391,2588777.3899999997,0.5084011080560278,599.9276996276556,0.545456477171063,0.6124496204750923,Dec 2010 to Jun 2011 (quiet season),revenue
"BG/NBD + Gamma-Gamma, calendar clock",4362327.375159074,2588777.3899999997,0.6850917317224692,665.8228574068632,0.5373817153752897,0.6103184561574065,Dec 2010 to Jun 2011 (quiet season),revenue
"MBG/NBD + Gamma-Gamma, calendar clock",4366048.274385925,2588777.3899999997,0.6865290508373629,666.4732795831185,0.5373709638781818,0.6103184561574065,Dec 2010 to Jun 2011 (quiet season),revenue
Same as last 26 weeks,4747348.84,2588777.3899999997,0.8338188746310089,709.5503321637427,0.53779498110809,0.6141956570472057,Dec 2010 to Jun 2011 (quiet season),revenue
Historical average rate,7446606.381181612,2588777.3899999997,1.876495449143896,1253.1347743947263,0.44179260794817937,0.543907083490095,Dec 2010 to Jun 2011 (quiet season),revenue
"MBG/NBD + Gamma-Gamma, seasonal clock",8242.39029247324,5340.0,0.5435187813620299,1.2250423908157428,0.5378983153104216,0.45187265917603,Dec 2010 to Jun 2011 (quiet season),purchases
"BG/NBD + Gamma-Gamma, seasonal clock",8226.019530661602,5340.0,0.5404530956295135,1.2224107121028889,0.5379480016976879,0.45187265917603,Dec 2010 to Jun 2011 (quiet season),purchases
"BG/NBD + Gamma-Gamma, calendar clock",9257.310374165623,5340.0,0.7335787217538621,1.36455302167262,0.5304586515074254,0.4451310861423221,Dec 2010 to Jun 2011 (quiet season),purchases
"MBG/NBD + Gamma-Gamma, calendar clock",9266.415747123847,5340.0,0.7352838477760013,1.3660265908817357,0.5303917444109708,0.4443820224719101,Dec 2010 to Jun 2011 (quiet season),purchases
Same as last 26 weeks,9388.0,5340.0,0.7580524344569288,1.3866666666666667,0.530468732238171,0.4397003745318352,Dec 2010 to Jun 2011 (quiet season),purchases
Historical average rate,16872.480098714,5340.0,2.1596404679239702,2.909666700258264,0.38925375879095087,0.32209737827715357,Dec 2010 to Jun 2011 (quiet season),purchases
