month,index_busy_fold,index_quiet_fold,index_forecast
1,0.7925397503050647,0.8345759910030558,0.8112994693677633
2,0.8757457237812948,0.9276588046116524,0.8538078948212248
3,0.9413156840723788,1.0424825735953827,0.9449011542393547
4,0.8768593235595867,0.8967857235962097,0.828070578157892
5,0.9556144351755944,0.944906881365876,0.9628240009004206
6,1.074044066737831,1.0333773337522767,0.9822626435632275
7,0.9955333758772239,0.9931376568333554,0.9093926973457144
8,0.8850147437590108,0.8571227823620204,0.8559317436083921
9,1.0951718030936481,1.0270179223058642,1.0879906752375756
10,1.1179397642439703,1.1567155777224052,1.109107703451342
11,1.4760079741920014,1.374032447915368,1.6233753302913805
12,0.9200321909437378,0.9164532449446524,1.0348964618546934
