Cohort Month,Months Since First Purchase,Cohort Size,Active Customers,Revenue,Retention,Revenue Retention,Cumulative Revenue Per Customer,Cohort Type
2009-12-01,0,951,951,671416.21,1.0,1.0,706.01,Existing base
2009-12-01,1,951,331,372925.47,0.3481,0.5554,1098.15,Existing base
2009-12-01,2,951,317,285674.38,0.3333,0.4255,1398.54,Existing base
2009-12-01,3,951,402,371296.01,0.4227,0.553,1788.97,Existing base
2009-12-01,4,951,359,300123.89,0.3775,0.447,2104.56,Existing base
2009-12-01,5,951,342,287699.32,0.3596,0.4285,2407.08,Existing base
2009-12-01,6,951,358,297133.61,0.3764,0.4425,2719.53,Existing base
2009-12-01,7,951,327,307083.4,0.3438,0.4574,3042.43,Existing base
2009-12-01,8,951,320,314375.58,0.3365,0.4682,3373.01,Existing base
2009-12-01,9,951,343,365440.21,0.3607,0.5443,3757.27,Existing base
2009-12-01,10,951,401,446380.3,0.4217,0.6648,4226.65,Existing base
2009-12-01,11,951,471,559443.47,0.4953,0.8332,4814.92,Existing base
2009-12-01,12,951,358,336097.61,0.3764,0.5006,5168.34,Existing base
2009-12-01,13,951,267,223935.1,0.2808,0.3335,5403.81,Existing base
2009-12-01,14,951,232,212447.64,0.244,0.3164,5627.21,Existing base
2009-12-01,15,951,286,245971.87,0.3007,0.3663,5885.85,Existing base
2009-12-01,16,951,247,155830.54,0.2597,0.2321,6049.71,Existing base
2009-12-01,17,951,288,271425.47,0.3028,0.4043,6335.12,Existing base
2009-12-01,18,951,269,274690.28,0.2829,0.4091,6623.96,Existing base
2009-12-01,19,951,245,249677.38,0.2576,0.3719,6886.51,Existing base
2009-12-01,20,951,242,261666.65,0.2545,0.3897,7161.66,Existing base
2009-12-01,21,951,298,370731.05,0.3134,0.5522,7551.49,Existing base
2009-12-01,22,951,289,386368.33,0.3039,0.5755,7957.76,Existing base
2009-12-01,23,951,386,433360.75,0.4059,0.6454,8413.45,Existing base
2010-01-01,0,366,366,156681.98,1.0,1.0,428.09,New customers
2010-01-01,1,366,77,37994.76,0.2104,0.2425,531.9,New customers
2010-01-01,2,366,116,48016.41,0.3169,0.3065,663.1,New customers
2010-01-01,3,366,116,55810.71,0.3169,0.3562,815.58,New customers
2010-01-01,4,366,99,56336.07,0.2705,0.3596,969.51,New customers
2010-01-01,5,366,114,59333.92,0.3115,0.3787,1131.62,New customers
2010-01-01,6,366,98,49872.6,0.2678,0.3183,1267.89,New customers
2010-01-01,7,366,86,45247.67,0.235,0.2888,1391.51,New customers
2010-01-01,8,366,105,57867.12,0.2869,0.3693,1549.62,New customers
2010-01-01,9,366,119,70741.97,0.3251,0.4515,1742.9,New customers
2010-01-01,10,366,112,73879.52,0.306,0.4715,1944.76,New customers
2010-01-01,11,366,63,33857.33,0.1721,0.2161,2037.27,New customers
2010-01-01,12,366,84,41416.03,0.2295,0.2643,2150.43,New customers
2010-01-01,13,366,66,33251.56,0.1803,0.2122,2241.28,New customers
2010-01-01,14,366,71,47763.36,0.194,0.3048,2371.78,New customers
2010-01-01,15,366,56,30225.09,0.153,0.1929,2454.36,New customers
2010-01-01,16,366,88,49047.71,0.2404,0.313,2588.37,New customers
2010-01-01,17,366,75,38865.32,0.2049,0.2481,2694.56,New customers
2010-01-01,18,366,71,47110.33,0.194,0.3007,2823.28,New customers
2010-01-01,19,366,74,41742.12,0.2022,0.2664,2937.33,New customers
2010-01-01,20,366,91,58355.29,0.2486,0.3724,3096.77,New customers
2010-01-01,21,366,73,57006.8,0.1995,0.3638,3252.52,New customers
2010-01-01,22,366,93,56257.14,0.2541,0.3591,3406.23,New customers
2010-02-01,0,374,374,165181.06,1.0,1.0,441.66,New customers
2010-02-01,1,374,88,32317.13,0.2353,0.1956,528.07,New customers
2010-02-01,2,374,85,52538.42,0.2273,0.3181,668.55,New customers
2010-02-01,3,374,110,53049.4,0.2941,0.3212,810.39,New customers
2010-02-01,4,374,92,42634.47,0.246,0.2581,924.39,New customers
2010-02-01,5,374,73,38834.5,0.1952,0.2351,1028.22,New customers
2010-02-01,6,374,72,37349.54,0.1925,0.2261,1128.09,New customers
2010-02-01,7,374,108,51824.53,0.2888,0.3137,1266.66,New customers
2010-02-01,8,374,96,52272.33,0.2567,0.3165,1406.42,New customers
2010-02-01,9,374,104,53740.68,0.2781,0.3253,1550.11,New customers
2010-02-01,10,374,43,24065.37,0.115,0.1457,1614.46,New customers
2010-02-01,11,374,47,18278.07,0.1257,0.1107,1663.33,New customers
2010-02-01,12,374,56,26875.81,0.1497,0.1627,1735.19,New customers
2010-02-01,13,374,66,34816.56,0.1765,0.2108,1828.28,New customers
2010-02-01,14,374,46,20205.58,0.123,0.1223,1882.31,New customers
2010-02-01,15,374,75,37178.48,0.2005,0.2251,1981.72,New customers
2010-02-01,16,374,60,27884.22,0.1604,0.1688,2056.27,New customers
2010-02-01,17,374,61,32012.21,0.1631,0.1938,2141.87,New customers
2010-02-01,18,374,54,25002.9,0.1444,0.1514,2208.72,New customers
2010-02-01,19,374,86,44060.6,0.2299,0.2667,2326.53,New customers
2010-02-01,20,374,86,44709.58,0.2299,0.2707,2446.07,New customers
2010-02-01,21,374,62,38604.95,0.1658,0.2337,2549.3,New customers
2010-03-01,0,441,441,206869.0,1.0,1.0,469.09,New customers
2010-03-01,1,441,83,48613.79,0.1882,0.235,579.33,New customers
2010-03-01,2,441,102,50844.23,0.2313,0.2458,694.62,New customers
2010-03-01,3,441,107,53606.32,0.2426,0.2591,816.18,New customers
2010-03-01,4,441,101,49210.33,0.229,0.2379,927.76,New customers
2010-03-01,5,441,89,53512.15,0.2018,0.2587,1049.11,New customers
2010-03-01,6,441,107,64066.61,0.2426,0.3097,1194.38,New customers
2010-03-01,7,441,136,80979.15,0.3084,0.3915,1378.01,New customers
2010-03-01,8,441,122,75454.27,0.2766,0.3647,1549.11,New customers
2010-03-01,9,441,48,20657.28,0.1088,0.0999,1595.95,New customers
2010-03-01,10,441,50,23688.02,0.1134,0.1145,1649.66,New customers
2010-03-01,11,441,64,31076.95,0.1451,0.1502,1720.13,New customers
2010-03-01,12,441,88,42976.69,0.1995,0.2077,1817.58,New customers
2010-03-01,13,441,72,41509.27,0.1633,0.2007,1911.71,New customers
2010-03-01,14,441,87,46475.28,0.1973,0.2247,2017.1,New customers
2010-03-01,15,441,75,31176.26,0.1701,0.1507,2087.79,New customers
2010-03-01,16,441,77,42221.34,0.1746,0.2041,2183.53,New customers
2010-03-01,17,441,68,49361.01,0.1542,0.2386,2295.46,New customers
2010-03-01,18,441,78,46993.47,0.1769,0.2272,2402.02,New customers
2010-03-01,19,441,90,57991.2,0.2041,0.2803,2533.52,New customers
2010-03-01,20,441,92,60115.35,0.2086,0.2906,2669.84,New customers
2010-04-01,0,294,294,121284.91,1.0,1.0,412.53,New customers
2010-04-01,1,294,56,18485.64,0.1905,0.1524,475.41,New customers
2010-04-01,2,294,56,20326.48,0.1905,0.1676,544.55,New customers
2010-04-01,3,294,47,23473.16,0.1599,0.1935,624.39,New customers
2010-04-01,4,294,54,22007.15,0.1837,0.1815,699.24,New customers
2010-04-01,5,294,65,30024.21,0.2211,0.2476,801.37,New customers
2010-04-01,6,294,81,34263.0,0.2755,0.2825,917.91,New customers
2010-04-01,7,294,78,32430.9,0.2653,0.2674,1028.22,New customers
2010-04-01,8,294,32,10228.17,0.1088,0.0843,1063.01,New customers
2010-04-01,9,294,32,17290.78,0.1088,0.1426,1121.82,New customers
2010-04-01,10,294,22,6382.64,0.0748,0.0526,1143.53,New customers
2010-04-01,11,294,41,16761.78,0.1395,0.1382,1200.54,New customers
2010-04-01,12,294,42,15685.61,0.1429,0.1293,1253.89,New customers
2010-04-01,13,294,46,22177.29,0.1565,0.1829,1329.33,New customers
2010-04-01,14,294,46,16442.36,0.1565,0.1356,1385.25,New customers
2010-04-01,15,294,46,21669.99,0.1565,0.1787,1458.96,New customers
2010-04-01,16,294,42,17909.86,0.1429,0.1477,1519.88,New customers
2010-04-01,17,294,44,19255.93,0.1497,0.1588,1585.37,New customers
2010-04-01,18,294,52,24894.11,0.1769,0.2053,1670.05,New customers
2010-04-01,19,294,68,29532.18,0.2313,0.2435,1770.5,New customers
2010-05-01,0,253,253,108547.5,1.0,1.0,429.04,New customers
2010-05-01,1,253,39,13266.0,0.1542,0.1222,481.48,New customers
2010-05-01,2,253,43,13854.35,0.17,0.1276,536.24,New customers
2010-05-01,3,253,45,12800.56,0.1779,0.1179,586.83,New customers
2010-05-01,4,253,45,16501.81,0.1779,0.152,652.06,New customers
2010-05-01,5,253,65,30641.11,0.2569,0.2823,773.17,New customers
2010-05-01,6,253,54,22877.7,0.2134,0.2108,863.59,New customers
2010-05-01,7,253,32,8597.53,0.1265,0.0792,897.58,New customers
2010-05-01,8,253,15,5833.67,0.0593,0.0537,920.63,New customers
2010-05-01,9,253,21,6998.61,0.083,0.0645,948.3,New customers
2010-05-01,10,253,29,9233.23,0.1146,0.0851,984.79,New customers
2010-05-01,11,253,34,12769.16,0.1344,0.1176,1035.26,New customers
2010-05-01,12,253,39,17182.58,0.1542,0.1583,1103.18,New customers
2010-05-01,13,253,39,17986.72,0.1542,0.1657,1174.27,New customers
2010-05-01,14,253,25,9613.14,0.0988,0.0886,1212.27,New customers
2010-05-01,15,253,32,14541.35,0.1265,0.134,1269.74,New customers
2010-05-01,16,253,35,22033.15,0.1383,0.203,1356.83,New customers
2010-05-01,17,253,41,17300.12,0.1621,0.1594,1425.21,New customers
2010-05-01,18,253,39,15105.98,0.1542,0.1392,1484.92,New customers
2010-06-01,0,267,267,123257.51,1.0,1.0,461.64,New customers
2010-06-01,1,267,47,15897.87,0.176,0.129,521.18,New customers
2010-06-01,2,267,50,22009.86,0.1873,0.1786,603.62,New customers
2010-06-01,3,267,55,25305.31,0.206,0.2053,698.39,New customers
2010-06-01,4,267,62,34630.2,0.2322,0.281,828.09,New customers
2010-06-01,5,267,76,47177.46,0.2846,0.3828,1004.79,New customers
2010-06-01,6,267,34,15301.31,0.1273,0.1241,1062.1,New customers
2010-06-01,7,267,24,16990.73,0.0899,0.1378,1125.73,New customers
2010-06-01,8,267,22,23406.92,0.0824,0.1899,1213.4,New customers
2010-06-01,9,267,30,28057.82,0.1124,0.2276,1318.48,New customers
2010-06-01,10,267,28,11617.97,0.1049,0.0943,1362.0,New customers
2010-06-01,11,267,37,29774.13,0.1386,0.2416,1473.51,New customers
2010-06-01,12,267,40,39971.93,0.1498,0.3243,1623.22,New customers
2010-06-01,13,267,33,15878.85,0.1236,0.1288,1682.69,New customers
2010-06-01,14,267,30,45561.64,0.1124,0.3696,1853.33,New customers
2010-06-01,15,267,33,18456.97,0.1236,0.1497,1922.46,New customers
2010-06-01,16,267,35,34725.06,0.1311,0.2817,2052.52,New customers
2010-06-01,17,267,53,27224.46,0.1985,0.2209,2154.48,New customers
2010-07-01,0,186,186,70792.86,1.0,1.0,380.61,New customers
2010-07-01,1,186,29,8168.35,0.1559,0.1154,424.52,New customers
2010-07-01,2,186,34,13307.0,0.1828,0.188,496.07,New customers
2010-07-01,3,186,55,24135.38,0.2957,0.3409,625.83,New customers
2010-07-01,4,186,54,27749.8,0.2903,0.392,775.02,New customers
2010-07-01,5,186,26,12451.25,0.1398,0.1759,841.96,New customers
2010-07-01,6,186,21,8691.2,0.1129,0.1228,888.69,New customers
2010-07-01,7,186,28,10293.65,0.1505,0.1454,944.03,New customers
2010-07-01,8,186,28,9841.65,0.1505,0.139,996.94,New customers
2010-07-01,9,186,21,9668.6,0.1129,0.1366,1048.92,New customers
2010-07-01,10,186,25,8871.59,0.1344,0.1253,1096.62,New customers
2010-07-01,11,186,27,12444.86,0.1452,0.1758,1163.53,New customers
2010-07-01,12,186,24,11920.58,0.129,0.1684,1227.62,New customers
2010-07-01,13,186,24,14020.98,0.129,0.1981,1303.0,New customers
2010-07-01,14,186,35,15261.04,0.1882,0.2156,1385.05,New customers
2010-07-01,15,186,32,15290.59,0.172,0.216,1467.25,New customers
2010-07-01,16,186,43,21789.09,0.2312,0.3078,1584.4,New customers
2010-08-01,0,162,162,59830.73,1.0,1.0,369.33,New customers
2010-08-01,1,162,32,11180.59,0.1975,0.1869,438.34,New customers
2010-08-01,2,162,47,18869.18,0.2901,0.3154,554.82,New customers
2010-08-01,3,162,53,23436.17,0.3272,0.3917,699.49,New customers
2010-08-01,4,162,27,14007.68,0.1667,0.2341,785.95,New customers
2010-08-01,5,162,19,5409.89,0.1173,0.0904,819.35,New customers
2010-08-01,6,162,16,5086.38,0.0988,0.085,850.74,New customers
2010-08-01,7,162,21,7492.19,0.1296,0.1252,896.99,New customers
2010-08-01,8,162,22,9620.13,0.1358,0.1608,956.38,New customers
2010-08-01,9,162,20,9611.36,0.1235,0.1606,1015.71,New customers
2010-08-01,10,162,21,7115.49,0.1296,0.1189,1059.63,New customers
2010-08-01,11,162,19,6857.0,0.1173,0.1146,1101.96,New customers
2010-08-01,12,162,24,10094.42,0.1481,0.1687,1164.27,New customers
2010-08-01,13,162,28,12296.0,0.1728,0.2055,1240.17,New customers
2010-08-01,14,162,28,14526.66,0.1728,0.2428,1329.84,New customers
2010-08-01,15,162,32,17276.52,0.1975,0.2888,1436.48,New customers
2010-09-01,0,235,235,155037.11,1.0,1.0,659.73,New customers
2010-09-01,1,235,55,26509.07,0.234,0.171,772.54,New customers
2010-09-01,2,235,55,30042.5,0.234,0.1938,900.38,New customers
2010-09-01,3,235,31,11927.98,0.1319,0.0769,951.13,New customers
2010-09-01,4,235,21,25224.54,0.0894,0.1627,1058.47,New customers
2010-09-01,5,235,24,8049.96,0.1021,0.0519,1092.73,New customers
2010-09-01,6,235,32,24998.55,0.1362,0.1612,1199.11,New customers
2010-09-01,7,235,22,9970.46,0.0936,0.0643,1241.53,New customers
2010-09-01,8,235,30,29184.65,0.1277,0.1882,1365.72,New customers
2010-09-01,9,235,31,14153.73,0.1319,0.0913,1425.95,New customers
2010-09-01,10,235,29,19946.61,0.1234,0.1287,1510.83,New customers
2010-09-01,11,235,24,26367.46,0.1021,0.1701,1623.03,New customers
2010-09-01,12,235,53,101832.74,0.2255,0.6568,2056.36,New customers
2010-09-01,13,235,39,29269.91,0.166,0.1888,2180.92,New customers
2010-09-01,14,235,40,46636.67,0.1702,0.3008,2379.37,New customers
2010-10-01,0,369,369,164874.16,1.0,1.0,446.81,New customers
2010-10-01,1,369,95,41112.87,0.2575,0.2494,558.23,New customers
2010-10-01,2,369,55,18243.79,0.1491,0.1107,607.67,New customers
2010-10-01,3,369,46,23333.69,0.1247,0.1415,670.91,New customers
2010-10-01,4,369,33,12435.04,0.0894,0.0754,704.61,New customers
2010-10-01,5,369,31,10702.98,0.084,0.0649,733.61,New customers
2010-10-01,6,369,49,17506.75,0.1328,0.1062,781.05,New customers
2010-10-01,7,369,51,15780.48,0.1382,0.0957,823.82,New customers
2010-10-01,8,369,40,21963.58,0.1084,0.1332,883.34,New customers
2010-10-01,9,369,35,19427.79,0.0949,0.1178,935.99,New customers
2010-10-01,10,369,39,13466.34,0.1057,0.0817,972.49,New customers
2010-10-01,11,369,48,20894.78,0.1301,0.1267,1029.11,New customers
2010-10-01,12,369,71,46065.93,0.1924,0.2794,1153.95,New customers
2010-10-01,13,369,87,55976.61,0.2358,0.3395,1305.65,New customers
2010-11-01,0,328,328,153873.0,1.0,1.0,469.12,New customers
2010-11-01,1,328,57,24561.41,0.1738,0.1596,544.01,New customers
2010-11-01,2,328,31,14765.85,0.0945,0.096,589.03,New customers
2010-11-01,3,328,31,9538.26,0.0945,0.062,618.11,New customers
2010-11-01,4,328,26,9479.71,0.0793,0.0616,647.01,New customers
2010-11-01,5,328,28,10723.2,0.0854,0.0697,679.7,New customers
2010-11-01,6,328,43,15318.57,0.1311,0.0996,726.4,New customers
2010-11-01,7,328,32,11306.37,0.0976,0.0735,760.87,New customers
2010-11-01,8,328,28,9428.54,0.0854,0.0613,789.62,New customers
2010-11-01,9,328,31,11396.07,0.0945,0.0741,824.36,New customers
2010-11-01,10,328,37,15540.25,0.1128,0.101,871.74,New customers
2010-11-01,11,328,48,19890.31,0.1463,0.1293,932.38,New customers
2010-11-01,12,328,82,39681.27,0.25,0.2579,1053.36,New customers
2010-12-01,0,77,77,26636.22,1.0,1.0,345.92,New customers
2010-12-01,1,77,7,2085.42,0.0909,0.0783,373.01,New customers
2010-12-01,2,77,4,7007.27,0.0519,0.2631,464.01,New customers
2010-12-01,3,77,7,1371.48,0.0909,0.0515,481.82,New customers
2010-12-01,4,77,9,5981.12,0.1169,0.2245,559.5,New customers
2010-12-01,5,77,5,1065.36,0.0649,0.04,573.34,New customers
2010-12-01,6,77,4,683.17,0.0519,0.0256,582.21,New customers
2010-12-01,7,77,7,4848.94,0.0909,0.182,645.18,New customers
2010-12-01,8,77,4,600.24,0.0519,0.0225,652.98,New customers
2010-12-01,9,77,3,599.19,0.039,0.0225,660.76,New customers
2010-12-01,10,77,7,1586.54,0.0909,0.0596,681.36,New customers
2010-12-01,11,77,15,8426.77,0.1948,0.3164,790.8,New customers
2011-01-01,0,73,73,30559.66,1.0,1.0,418.63,New customers
2011-01-01,1,73,11,3682.43,0.1507,0.1205,469.07,New customers
2011-01-01,2,73,16,4137.8,0.2192,0.1354,525.75,New customers
2011-01-01,3,73,14,26374.23,0.1918,0.863,887.04,New customers
2011-01-01,4,73,16,8218.18,0.2192,0.2689,999.62,New customers
2011-01-01,5,73,10,6301.91,0.137,0.2062,1085.95,New customers
2011-01-01,6,73,11,4904.55,0.1507,0.1605,1153.13,New customers
2011-01-01,7,73,9,5382.77,0.1233,0.1761,1226.87,New customers
2011-01-01,8,73,8,4493.94,0.1096,0.1471,1288.43,New customers
2011-01-01,9,73,15,11216.17,0.2055,0.367,1442.08,New customers
2011-01-01,10,73,18,10356.34,0.2466,0.3389,1583.94,New customers
2011-02-01,0,126,126,42914.03,1.0,1.0,340.59,New customers
2011-02-01,1,126,20,8235.19,0.1587,0.1919,405.95,New customers
2011-02-01,2,126,21,17049.28,0.1667,0.3973,541.26,New customers
2011-02-01,3,126,24,10531.73,0.1905,0.2454,624.84,New customers
2011-02-01,4,126,27,9229.11,0.2143,0.2151,698.09,New customers
2011-02-01,5,126,20,5704.6,0.1587,0.1329,743.36,New customers
2011-02-01,6,126,20,8098.38,0.1587,0.1887,807.64,New customers
2011-02-01,7,126,19,10629.06,0.1508,0.2477,892.0,New customers
2011-02-01,8,126,19,10917.28,0.1508,0.2544,978.64,New customers
2011-02-01,9,126,23,12497.11,0.1825,0.2912,1077.82,New customers
2011-03-01,0,178,178,74106.19,1.0,1.0,416.33,New customers
2011-03-01,1,178,32,14329.61,0.1798,0.1934,496.83,New customers
2011-03-01,2,178,38,19391.66,0.2135,0.2617,605.77,New customers
2011-03-01,3,178,34,15960.86,0.191,0.2154,695.44,New customers
2011-03-01,4,178,40,15877.36,0.2247,0.2143,784.64,New customers
2011-03-01,5,178,27,10625.37,0.1517,0.1434,844.33,New customers
2011-03-01,6,178,37,15407.15,0.2079,0.2079,930.89,New customers
2011-03-01,7,178,36,17554.78,0.2022,0.2369,1029.51,New customers
2011-03-01,8,178,43,21447.08,0.2416,0.2894,1150.0,New customers
2011-04-01,0,106,106,39575.23,1.0,1.0,373.35,New customers
2011-04-01,1,106,26,12677.19,0.2453,0.3203,492.95,New customers
2011-04-01,2,106,21,7361.2,0.1981,0.186,562.39,New customers
2011-04-01,3,106,21,7138.89,0.1981,0.1804,629.74,New customers
2011-04-01,4,106,19,5677.83,0.1792,0.1435,683.31,New customers
2011-04-01,5,106,25,10738.64,0.2358,0.2713,784.61,New customers
2011-04-01,6,106,19,5793.78,0.1792,0.1464,839.27,New customers
2011-04-01,7,106,27,11220.43,0.2547,0.2835,945.12,New customers
2011-05-01,0,113,113,48147.06,1.0,1.0,426.08,New customers
2011-05-01,1,113,27,9074.62,0.2389,0.1885,506.39,New customers
2011-05-01,2,113,27,10112.79,0.2389,0.21,595.88,New customers
2011-05-01,3,113,18,6436.24,0.1593,0.1337,652.84,New customers
2011-05-01,4,113,24,10305.66,0.2124,0.214,744.04,New customers
2011-05-01,5,113,23,10170.41,0.2035,0.2112,834.04,New customers
2011-05-01,6,113,29,13940.7,0.2566,0.2895,957.41,New customers
2011-06-01,0,108,108,81863.13,1.0,1.0,757.99,New customers
2011-06-01,1,108,25,9472.32,0.2315,0.1157,845.7,New customers
2011-06-01,2,108,23,7164.26,0.213,0.0875,912.03,New customers
2011-06-01,3,108,29,10634.53,0.2685,0.1299,1010.5,New customers
2011-06-01,4,108,22,9341.63,0.2037,0.1141,1097.0,New customers
2011-06-01,5,108,30,12522.34,0.2778,0.153,1212.95,New customers
2011-07-01,0,101,101,42293.06,1.0,1.0,418.74,New customers
2011-07-01,1,101,21,7244.31,0.2079,0.1713,490.47,New customers
2011-07-01,2,101,30,11107.05,0.297,0.2626,600.44,New customers
2011-07-01,3,101,28,12013.5,0.2772,0.2841,719.39,New customers
2011-07-01,4,101,35,14203.69,0.3465,0.3358,860.02,New customers
2011-08-01,0,108,108,44277.52,1.0,1.0,409.98,New customers
2011-08-01,1,108,28,16840.74,0.2593,0.3803,565.91,New customers
2011-08-01,2,108,31,27559.45,0.287,0.6224,821.09,New customers
2011-08-01,3,108,29,34518.29,0.2685,0.7796,1140.7,New customers
2011-09-01,0,185,185,91624.83,1.0,1.0,495.27,New customers
2011-09-01,1,185,51,19052.15,0.2757,0.2079,598.25,New customers
2011-09-01,2,185,71,30380.68,0.3838,0.3316,762.47,New customers
2011-10-01,0,221,221,95965.22,1.0,1.0,434.23,New customers
2011-10-01,1,221,70,33130.9,0.3167,0.3452,584.15,New customers
2011-11-01,0,190,190,79469.59,1.0,1.0,418.26,New customers
