Budget,Incremental Revenue,Incremental Profit
0.0,0.0,0.0
631.45,23580.2,7621.62
1262.9,30895.99,9550.7
1894.35,35672.04,10590.86
2525.8,39384.06,11258.62
3157.25,42471.51,11707.77
3788.7,45149.77,12013.72
4420.16,47544.31,12220.35
5000.0,49548.66,12342.03
5051.61,49719.4,12350.19
5683.06,51722.8,12419.92
6314.51,53588.3,12441.4
6945.96,55337.52,12422.17
7577.41,56986.99,12368.04
8208.86,58549.78,12283.56
8840.31,60036.67,12172.52
9471.76,61456.05,12037.86
10000.0,62596.44,11908.76
10103.21,62814.59,11881.89
10734.66,64118.19,11706.7
11366.11,65372.05,11514.1
11997.56,66580.83,11305.73
12629.02,67748.01,11082.79
15000.0,71809.47,10133.32
20000.0,79123.75,7693.31
25000.0,85268.75,4844.06
30000.0,90594.06,1707.92
35000.0,95306.69,-1642.66
40000.0,99539.65,-5161.12
45000.0,103383.7,-8815.7
50000.0,106906.05,-12582.88
